Structure,percent_cu,percent_ni,percent_au,percent_pd,percent_pt,Cohesive_energy,c11,c12,c13,c23,c22,c33,c44,c55,c66,G_V,G_R,G,B,E_100,E_110,E_111,E_113,E_331,E_VRH,nu,avg_r,1 r,2 r,3 r,4 r,5 r,6 r,7 r,8 r,9 r,10 r,11 r,12 r,13 r,14 r,15 r,16 r,17 r,18 r,19 r,20 r,21 r,22 r,23 r,24 r,25 r,26 r,27 r,28 r,29 r,30 r,31 r,32 r,33 r,34 r,35 r,36 r,37 r,38 r,39 r,40 r,41 r,42 r,43 r,44 r,45 r,46 r,47 r,48 r,49 r,50 r,51 r,52 r,53 r,54 r,55 r,56 r,57 r,58 r,59 r,60 r,61 r,62 r,63 r,64 r,65 r,66 r,67 r,68 r,69 r,70 r,71 r,72 r,73 r,74 r,75 r,76 r,77 r,78 r,79 r,80 r,81 r,82 r,83 r,84 r,85 r,86 r,87 r,88 r,89 r,90 r,91 r,92 r,93 r,94 r,95 r,96 r,1 Type 1,2 Type 1,3 Type 1,4 Type 1,5 Type 1,6 Type 1,7 Type 1,8 Type 1,9 Type 1,10 Type 1,11 Type 1,12 Type 1,13 Type 1,14 Type 1,15 Type 1,16 Type 1,17 Type 1,18 Type 1,19 Type 1,20 Type 1,21 Type 1,22 Type 1,23 Type 1,24 Type 1,25 Type 1,26 Type 1,27 Type 1,28 Type 1,29 Type 1,30 Type 1,31 Type 1,32 Type 1,33 Type 1,34 Type 1,35 Type 1,36 Type 1,37 Type 1,38 Type 1,39 Type 1,40 Type 1,41 Type 1,42 Type 1,43 Type 1,44 Type 1,45 Type 1,46 Type 1,47 Type 1,48 Type 1,49 Type 1,50 Type 1,51 Type 1,52 Type 1,53 Type 1,54 Type 1,55 Type 1,56 Type 1,57 Type 1,58 Type 1,59 Type 1,60 Type 1,61 Type 1,62 Type 1,63 Type 1,64 Type 1,65 Type 1,66 Type 1,67 Type 1,68 Type 1,69 Type 1,70 Type 1,71 Type 1,72 Type 1,73 Type 1,74 Type 1,75 Type 1,76 Type 1,77 Type 1,78 Type 1,79 Type 1,80 Type 1,81 Type 1,82 Type 1,83 Type 1,84 Type 1,85 Type 1,86 Type 1,87 Type 1,88 Type 1,89 Type 1,90 Type 1,91 Type 1,92 Type 1,93 Type 1,94 Type 1,95 Type 1,96 Type 1,1 Type 2,2 Type 2,3 Type 2,4 Type 2,5 Type 2,6 Type 2,7 Type 2,8 Type 2,9 Type 2,10 Type 2,11 Type 2,12 Type 2,13 Type 2,14 Type 2,15 Type 2,16 Type 2,17 Type 2,18 Type 2,19 Type 2,20 Type 2,21 Type 2,22 Type 2,23 Type 2,24 Type 2,25 Type 2,26 Type 2,27 Type 2,28 Type 2,29 Type 2,30 Type 2,31 Type 2,32 Type 2,33 Type 2,34 Type 2,35 Type 2,36 Type 2,37 Type 2,38 Type 2,39 Type 2,40 Type 2,41 Type 2,42 Type 2,43 Type 2,44 Type 2,45 Type 2,46 Type 2,47 Type 2,48 Type 2,49 Type 2,50 Type 2,51 Type 2,52 Type 2,53 Type 2,54 Type 2,55 Type 2,56 Type 2,57 Type 2,58 Type 2,59 Type 2,60 Type 2,61 Type 2,62 Type 2,63 Type 2,64 Type 2,65 Type 2,66 Type 2,67 Type 2,68 Type 2,69 Type 2,70 Type 2,71 Type 2,72 Type 2,73 Type 2,74 Type 2,75 Type 2,76 Type 2,77 Type 2,78 Type 2,79 Type 2,80 Type 2,81 Type 2,82 Type 2,83 Type 2,84 Type 2,85 Type 2,86 Type 2,87 Type 2,88 Type 2,89 Type 2,90 Type 2,91 Type 2,92 Type 2,93 Type 2,94 Type 2,95 Type 2,96 Type 2
1,18.75,18.75,18.75,18.75,25.0,-4.2383999843749995,218.0967,156.71367,156.16937000000001,155.47043000000002,210.19041,224.07330000000002,72.88454,68.07334,74.2017,55.29904533333333,46.528269920897074,50.9136576271152,176.5630388888889,86.51288856053857,145.92645288813458,189.24940756551862,116.23840837289333,156.33581505779185,139.34695903362947,0.3684634489844347,2.6147232134948823,2.862972986061343,2.7764388334454373,2.7260792114006906,2.6449512229107577,2.9054904192741717,2.9054904192741717,2.815485352031745,2.815485352031745,2.766260744144883,2.766260744144883,2.690252174082645,2.7119775921191525,2.6589072786218027,2.557116926428082,2.639586839773485,2.505923044737556,2.6539781859636675,2.6539781859636675,2.6141929225466507,2.6141929225466507,2.7823018150119876,2.7823018150119876,2.647151978360652,2.647151978360652,2.980951361822933,2.774538460218564,2.777867373694252,2.777867373694252,2.894208576407374,2.894208576407374,2.6345081434337985,2.6345081434337985,2.8619934471055304,2.8619934471055304,2.9395923490126195,2.756111800104089,2.7087991061202747,2.7087991061202747,2.8596955199810368,2.8596955199810368,2.6046630963473953,2.6046630963473953,2.8599922995312417,2.8599922995312417,2.7739368576699794,2.7628944343998127,2.7940203626484186,2.7940203626484186,2.8239685903191276,2.8239685903191276,2.754196611691509,2.754196611691509,2.722065990018978,2.7435394937959248,2.6723983654511536,2.6381948201711714,2.87724249194172,2.87724249194172,2.730298602268074,2.730298602268074,2.672811904311076,2.672811904311076,2.6922375082354826,2.6922375082354826,2.6468675910751913,2.6468675910751913,2.71675498332864,2.71675498332864,2.852131236283141,2.831481394779418,2.793178690397376,2.793178690397376,2.6413591065369775,2.6413591065369775,2.7908311230056544,2.7908311230056544,2.7023833519250684,2.724012019202883,2.6352110447594135,2.6352110447594135,2.946986738250615,2.6582116619185916,2.8404983469975074,2.558514662942061,2.840864926490359,2.6156709320421023,2.6890672712917003,2.4852726442182944,2.853087969783792,2.7882694777318546,2.8002314496455467,2.733872368857771,2.8104356620291098,2.725620588814408,2.6934575054021725,2.6147232134948823,2.0,2.0,2.0,2.0,2.0,2.0,2.0,2.0,2.0,2.0,2.0,2.0,1.0,1.0,1.0,1.0,1.0,1.0,1.0,1.0,1.0,1.0,1.0,1.0,4.0,4.0,4.0,4.0,4.0,4.0,4.0,4.0,4.0,4.0,4.0,4.0,4.0,4.0,4.0,4.0,4.0,4.0,4.0,4.0,3.0,3.0,3.0,3.0,3.0,3.0,3.0,3.0,3.0,3.0,3.0,3.0,3.0,3.0,3.0,3.0,3.0,3.0,3.0,3.0,0.0,0.0,0.0,0.0,0.0,0.0,0.0,0.0,1.0,1.0,1.0,1.0,1.0,1.0,1.0,1.0,4.0,4.0,4.0,4.0,1.0,1.0,1.0,1.0,2.0,2.0,0.0,0.0,2.0,2.0,3.0,3.0,4.0,4.0,0.0,1.0,4.0,4.0,1.0,1.0,2.0,2.0,4.0,4.0,4.0,4.0,0.0,1.0,4.0,4.0,1.0,1.0,0.0,0.0,0.0,0.0,3.0,3.0,4.0,4.0,2.0,2.0,0.0,0.0,2.0,2.0,3.0,3.0,1.0,1.0,2.0,2.0,0.0,0.0,3.0,3.0,0.0,1.0,2.0,2.0,2.0,2.0,3.0,3.0,4.0,4.0,0.0,1.0,0.0,0.0,2.0,2.0,3.0,3.0,0.0,0.0,4.0,4.0,2.0,2.0,4.0,4.0,0.0,0.0,1.0,1.0,3.0,3.0,4.0,4.0,0.0,0.0,2.0,0.0,4.0,0.0,2.0,0.0,4.0,0.0,2.0,3.0,2.0,3.0,4.0,0.0,4.0,0.0
2,18.75,18.75,18.75,18.75,25.0,-4.247234425,207.25479,156.17652,160.09033,155.74056000000002,224.93081,217.99124999999998,73.76568,72.7791,82.00294,57.58750666666666,46.289777965742495,51.93864231620458,177.1324077777778,82.99702283340893,147.6214139778852,199.36581885100338,114.4729168813968,159.67546370482404,141.942499694247,0.3664440709683482,2.592994225092875,2.8277145733784734,2.8049210776417386,2.7351698615592706,2.697137154835484,2.7452718059168566,2.7452718059168566,2.712721125364067,2.712721125364067,2.8000000838342847,2.8000000838342847,2.6398007932293224,2.6398007932293224,2.844434091608382,2.843187216327479,2.7361372205968695,2.6675455040739906,2.813131575366677,2.813131575366677,2.7684279345686424,2.7684279345686424,2.8110903909223555,2.8110903909223555,2.7615520094127435,2.7615520094127435,2.789581818567973,2.748558795637452,2.8140765512496277,2.8140765512496277,2.7097542272259676,2.7097542272259676,2.7950789000699072,2.7950789000699072,2.76793599745695,2.7468073987846324,2.724258219405916,2.738381545968348,2.830449272842034,2.830449272842034,2.7353010062324934,2.7353010062324934,2.8003105721758788,2.8003105721758788,2.7005518545486216,2.7005518545486216,2.670538980530335,2.602622941099016,2.821494490141351,2.821494490141351,2.78126966999696,2.7602431373422522,2.7174852143946784,2.7174852143946784,2.6245215333793706,2.6245215333793706,2.630434321610977,2.6939394319921153,2.674362916154051,2.674362916154051,2.7531289134760835,2.774209367408668,2.789884640686421,2.789884640686421,2.6369684132702464,2.6369684132702464,2.6935979821442104,2.6935979821442104,2.60914626805187,2.6313804453345395,2.8081220357384757,2.8081220357384757,2.7710317275224403,2.7710317275224403,2.68840060592103,2.68840060592103,2.664417109370828,2.664417109370828,2.7695458667139796,2.7695458667139796,2.692755893492947,2.692755893492947,2.7484905142048426,2.893240528648284,2.65824488205345,2.808782777318916,2.7814852326794925,2.871938313920409,2.6180896206359416,2.7467591176538875,2.77515538115418,2.7539334816631813,2.7477073491072517,2.735848968458968,2.663994057059625,2.6703614870689325,2.6785074505596005,2.592994225092875,3.0,3.0,3.0,3.0,3.0,3.0,3.0,3.0,3.0,3.0,3.0,3.0,4.0,4.0,4.0,4.0,4.0,4.0,4.0,4.0,4.0,4.0,4.0,4.0,3.0,3.0,3.0,3.0,3.0,3.0,3.0,3.0,3.0,3.0,2.0,2.0,2.0,2.0,2.0,2.0,2.0,2.0,2.0,2.0,2.0,2.0,2.0,2.0,2.0,2.0,2.0,2.0,2.0,2.0,0.0,0.0,0.0,0.0,0.0,0.0,0.0,0.0,0.0,0.0,1.0,1.0,1.0,1.0,1.0,1.0,1.0,1.0,0.0,0.0,0.0,0.0,0.0,0.0,0.0,0.0,2.0,2.0,2.0,2.0,4.0,4.0,4.0,4.0,1.0,1.0,4.0,4.0,4.0,4.0,0.0,0.0,3.0,2.0,1.0,0.0,2.0,2.0,4.0,4.0,1.0,1.0,1.0,1.0,3.0,2.0,1.0,0.0,2.0,2.0,4.0,4.0,4.0,4.0,3.0,3.0,2.0,0.0,2.0,2.0,1.0,1.0,4.0,4.0,4.0,4.0,2.0,0.0,4.0,4.0,1.0,1.0,4.0,4.0,0.0,0.0,1.0,0.0,1.0,1.0,4.0,4.0,0.0,0.0,1.0,1.0,1.0,0.0,4.0,4.0,4.0,4.0,0.0,0.0,3.0,3.0,2.0,2.0,4.0,4.0,1.0,1.0,3.0,3.0,4.0,4.0,0.0,0.0,1.0,1.0,3.0,3.0,1.0,4.0,1.0,3.0,1.0,4.0,1.0,3.0,4.0,0.0,4.0,0.0,1.0,3.0,1.0,3.0
3,18.75,18.75,18.75,18.75,25.0,-4.26461614125,229.43045,150.98341,156.54727,154.5392,210.42820999999998,224.96625,69.53796,74.67756,76.45069,57.650244,49.8058459518915,53.72804497594575,176.55163000000002,94.7501966226605,153.4649642260177,193.41719717647038,124.72168362502659,163.27445136061425,146.3394969866043,0.361853916814962,2.7907778311553213,2.6288873477530372,2.775586569088102,2.6523868881001973,2.8331591529539035,2.6394370675212167,2.6394370675212167,2.776035339554186,2.776035339554186,2.7449386855980955,2.7449386855980955,2.731936199949556,2.7531059733680467,2.7583894930217885,2.8653612544208107,2.6095544629916976,2.7204989503718062,2.6396106255745373,2.6396106255745373,2.8258496128842383,2.8258496128842383,2.8233673900934324,2.8233673900934324,2.7426918299024408,2.7426918299024408,2.6233575207258735,2.710120584795075,2.7863947503706292,2.7863947503706292,2.612947108558648,2.612947108558648,2.67279488073103,2.67279488073103,2.7698064193315024,2.7698064193315024,2.8246202155257447,2.946576160851269,2.7274510890188295,2.7274510890188295,2.767681043224991,2.767681043224991,2.826743865341004,2.826743865341004,2.790441839688833,2.790441839688833,2.6504593944063735,2.8563660078683792,2.773176511592798,2.773176511592798,2.6294676462244215,2.6294676462244215,2.8153253145644657,2.8153253145644657,2.750906704916217,2.7719316007349453,2.5793885477488656,2.7868034644769986,2.7918865402659185,2.7918865402659185,2.621035765366432,2.621035765366432,2.8163024013704567,2.8163024013704567,2.666978299560947,2.666978299560947,2.732170463465497,2.732170463465497,2.734469595381525,2.734469595381525,2.6089268013576006,2.631086497027796,2.6095542914871497,2.6095542914871497,2.743907662501353,2.743907662501353,2.7618828186825737,2.7618828186825737,2.8578025235232496,2.8374139922570087,2.8075202192493647,2.8075202192493647,2.6824671252114163,2.6928926820326504,2.607634385600911,2.640289354141129,2.766616919320859,2.8595058875856507,2.8014019473848375,2.921629763348727,2.6907216472680706,2.8457813239582865,2.6734405652836197,2.7998927866625536,2.621722986392727,2.5740002435277662,2.854165118394417,2.7907778311553213,4.0,4.0,4.0,4.0,4.0,4.0,4.0,4.0,4.0,4.0,4.0,4.0,2.0,2.0,2.0,2.0,2.0,2.0,2.0,2.0,2.0,2.0,2.0,2.0,1.0,1.0,1.0,1.0,1.0,1.0,1.0,1.0,1.0,1.0,4.0,4.0,4.0,4.0,4.0,4.0,4.0,4.0,4.0,4.0,3.0,3.0,3.0,3.0,3.0,3.0,3.0,3.0,3.0,3.0,3.0,3.0,3.0,3.0,3.0,3.0,3.0,3.0,3.0,3.0,1.0,1.0,1.0,1.0,1.0,1.0,1.0,1.0,2.0,2.0,2.0,2.0,2.0,2.0,2.0,2.0,0.0,0.0,0.0,0.0,0.0,0.0,0.0,0.0,4.0,4.0,2.0,2.0,0.0,0.0,3.0,3.0,1.0,4.0,1.0,2.0,0.0,0.0,0.0,0.0,4.0,4.0,4.0,4.0,1.0,4.0,1.0,2.0,0.0,0.0,0.0,0.0,2.0,2.0,1.0,1.0,3.0,3.0,0.0,0.0,4.0,4.0,2.0,2.0,0.0,0.0,3.0,3.0,0.0,0.0,4.0,4.0,2.0,2.0,3.0,3.0,1.0,2.0,4.0,4.0,0.0,0.0,3.0,3.0,4.0,4.0,1.0,2.0,2.0,2.0,0.0,0.0,3.0,3.0,1.0,1.0,0.0,0.0,0.0,0.0,4.0,4.0,1.0,1.0,0.0,0.0,3.0,3.0,4.0,4.0,1.0,1.0,4.0,2.0,4.0,1.0,4.0,2.0,4.0,1.0,0.0,3.0,0.0,3.0,4.0,1.0,4.0,1.0
4,18.75,18.75,18.75,25.0,18.75,-4.1315852775,204.78233,155.05894,152.49538,148.30626,206.59430000000003,218.01610999999997,74.16552,66.42599,70.73979,53.83507066666666,44.20242371225075,49.01874718945871,171.2348777777778,80.71365981967348,140.04815696089818,185.5043512023278,109.9803112050648,150.795722199718,134.24619496719313,0.3693352305427978,2.7340071160686477,2.741166367385241,2.657191315412627,2.766368203456274,2.730723552835076,2.6390728428088153,2.6390728428088153,2.6457038271209896,2.6457038271209896,2.8299926286439336,2.8299926286439336,2.8607714668064226,2.8607714668064226,2.843492744802772,2.871336436401175,2.9096267645272813,2.878093341621841,2.862413422699279,2.862413422699279,2.867857159200576,2.867857159200576,2.745913148270535,2.745913148270535,2.8322539682385,2.8322539682385,2.450897976708129,2.608489804287914,2.7579295457808564,2.7579295457808564,2.672088663267557,2.672088663267557,2.8029523219696406,2.8029523219696406,2.590065035783079,2.590065035783079,2.552993383599364,2.7627899432864966,2.7674256865160807,2.7674256865160807,2.6546857274556417,2.6546857274556417,2.8816686783455867,2.8816686783455867,2.6465863844754813,2.6465863844754813,2.546499109354056,2.7069916972534456,2.6009063390585596,2.6009063390585596,2.646951436012002,2.646951436012002,2.7743715407118437,2.7743715407118437,2.6915433517433827,2.6915433517433827,2.717198690975873,2.8115929861437983,2.656284662360757,2.656284662360757,2.7692467086422616,2.7692467086422616,2.815361526526567,2.815361526526567,2.7415488323555355,2.7415488323555355,2.9175630686365794,2.937663520465217,2.6989558489024974,2.720671860832357,2.675142134198667,2.6970498953792084,2.8143531952878624,2.8351854626861717,2.8376613681779674,2.8376613681779674,2.728030329991769,2.728030329991769,2.688079059108993,2.688079059108993,2.8082821820816015,2.8082821820816015,2.6080630069267885,2.777214757438106,2.8067829660253336,2.9815065658132185,2.693596743981001,2.8444351443070377,2.7585283580317137,2.9161865585052014,2.494070072853808,2.5633078883778997,2.661330277472715,2.694114831840878,2.6324004580534477,2.779465589353824,2.6215245771239704,2.7340071160686477,0.0,0.0,0.0,0.0,0.0,0.0,0.0,0.0,0.0,0.0,0.0,0.0,2.0,2.0,2.0,2.0,2.0,2.0,2.0,2.0,2.0,2.0,2.0,2.0,1.0,1.0,1.0,1.0,1.0,1.0,1.0,1.0,1.0,1.0,4.0,4.0,4.0,4.0,4.0,4.0,4.0,4.0,4.0,4.0,1.0,1.0,1.0,1.0,1.0,1.0,1.0,1.0,1.0,1.0,3.0,3.0,3.0,3.0,3.0,3.0,3.0,3.0,3.0,3.0,4.0,4.0,4.0,4.0,4.0,4.0,4.0,4.0,3.0,3.0,3.0,3.0,3.0,3.0,3.0,3.0,2.0,2.0,2.0,2.0,4.0,4.0,4.0,4.0,0.0,0.0,3.0,3.0,1.0,1.0,0.0,0.0,1.0,4.0,4.0,3.0,2.0,2.0,4.0,4.0,0.0,0.0,3.0,3.0,1.0,4.0,4.0,3.0,2.0,2.0,4.0,4.0,3.0,3.0,2.0,2.0,1.0,3.0,2.0,2.0,0.0,0.0,3.0,3.0,1.0,1.0,1.0,3.0,4.0,4.0,0.0,0.0,3.0,3.0,0.0,0.0,4.0,3.0,0.0,0.0,1.0,1.0,0.0,0.0,3.0,3.0,4.0,3.0,3.0,3.0,1.0,1.0,0.0,0.0,2.0,2.0,2.0,2.0,1.0,1.0,3.0,3.0,2.0,2.0,4.0,4.0,0.0,0.0,3.0,3.0,2.0,2.0,0.0,3.0,3.0,2.0,0.0,3.0,3.0,2.0,1.0,0.0,1.0,0.0,3.0,2.0,3.0,2.0
5,18.75,18.75,18.75,25.0,18.75,-4.142536288125,217.62208,150.66876,147.49283,151.00202,205.78191,206.43819,68.39958,80.52581,73.80801,56.591918,46.476117415063285,51.534017707531646,169.79659999999998,84.59770536955153,146.44476838277942,193.63083275902633,115.13980895176117,157.6165699156178,140.39822598649224,0.3621897945478175,2.6574441851239325,2.8623546103402355,2.7784879158310303,2.8753893763617016,2.753383706168422,2.8068352355957766,2.8068352355957766,2.6679683434060006,2.6679683434060006,2.7456452997177183,2.7456452997177183,2.7597826768592664,2.7597826768592664,2.83458045496719,2.781473954659651,2.8089582033898934,2.6470683822801666,2.748889331360213,2.748889331360213,2.6592586461752834,2.6592586461752834,2.771607844809579,2.771607844809579,2.7352386658790886,2.7352386658790886,2.7120542398036585,2.742404036414219,2.839155852335338,2.839155852335338,2.761613531493862,2.761613531493862,2.7203374728327363,2.7203374728327363,2.7768679893992085,2.7768679893992085,2.7346788387146233,2.6873094050505233,2.8413977883693087,2.8413977883693087,2.711938919246811,2.711938919246811,2.6907546438406453,2.6907546438406453,2.7045328962617554,2.683094721951128,2.686229231383651,2.7863557548741973,2.7720831643558244,2.7720831643558244,2.7787136761496316,2.7787136761496316,2.8250850043382867,2.8045684840518796,2.7266875892263496,2.7266875892263496,2.6386360990610283,2.6464882895206623,2.7854530688943586,2.7854530688943586,2.640028855019013,2.640028855019013,2.639818485984406,2.6616052560334715,2.710536020639829,2.710536020639829,2.745340042361743,2.745340042361743,2.64600451178319,2.64600451178319,2.7363800064620043,2.7363800064620043,2.6979619955496035,2.6979619955496035,2.7536701683446867,2.7536701683446867,2.705058476394734,2.7263239464001705,2.774691621546899,2.774691621546899,2.6723425041169406,2.6723425041169406,2.840365930316022,2.7984507737789492,2.72378059089706,2.6712046800702893,2.742412329495158,2.7380128707513416,2.754873672285594,2.728835219092596,2.926540901748001,2.807864202028129,2.7354606356911813,2.6865413458891716,2.7548837716179606,2.6069429669620696,2.80038162596048,2.6574441851239325,3.0,3.0,3.0,3.0,3.0,3.0,3.0,3.0,3.0,3.0,3.0,3.0,3.0,3.0,3.0,3.0,3.0,3.0,3.0,3.0,3.0,3.0,3.0,3.0,0.0,0.0,0.0,0.0,0.0,0.0,0.0,0.0,0.0,0.0,1.0,1.0,1.0,1.0,1.0,1.0,1.0,1.0,1.0,1.0,4.0,4.0,4.0,4.0,4.0,4.0,4.0,4.0,4.0,4.0,1.0,1.0,1.0,1.0,1.0,1.0,1.0,1.0,1.0,1.0,1.0,1.0,1.0,1.0,1.0,1.0,1.0,1.0,3.0,3.0,3.0,3.0,3.0,3.0,3.0,3.0,2.0,2.0,2.0,2.0,0.0,0.0,0.0,0.0,2.0,2.0,2.0,2.0,3.0,3.0,4.0,4.0,0.0,1.0,1.0,3.0,2.0,2.0,0.0,0.0,2.0,2.0,4.0,4.0,0.0,1.0,1.0,3.0,2.0,2.0,0.0,0.0,2.0,2.0,0.0,0.0,4.0,1.0,2.0,2.0,2.0,2.0,2.0,2.0,3.0,3.0,4.0,1.0,0.0,0.0,2.0,2.0,2.0,2.0,4.0,4.0,1.0,3.0,2.0,2.0,3.0,3.0,4.0,4.0,4.0,4.0,1.0,3.0,2.0,2.0,3.0,3.0,4.0,4.0,0.0,0.0,2.0,2.0,3.0,3.0,4.0,4.0,0.0,0.0,0.0,0.0,4.0,4.0,4.0,4.0,0.0,0.0,2.0,2.0,4.0,0.0,2.0,2.0,4.0,0.0,3.0,4.0,3.0,4.0,4.0,0.0,4.0,0.0
6,18.75,18.75,18.75,25.0,18.75,-4.149237176874999,215.30273000000003,147.40631000000002,151.93508,152.86799000000002,211.91462,197.78696,62.59704000000001,75.07471000000001,75.23261,54.10053400000001,43.97064568592735,49.03558984296368,169.93589666666668,79.94448334342695,139.52798784075316,185.6504233645544,109.24677247903523,150.39558341879007,134.19891597866297,0.36838280530972084,2.703117411685442,2.9349234695659443,2.6986495797155388,2.80140994120647,2.607375319247993,2.758892065030091,2.758892065030091,2.6811610367975764,2.6811610367975764,2.7311761812497557,2.7311761812497557,2.6271148604609653,2.6271148604609653,2.8727603838686226,2.6725693066016087,2.8100842354829223,2.621563489927764,2.8068183768120796,2.8068183768120796,2.6459627067411593,2.6459627067411593,2.758078774713478,2.758078774713478,2.683556444624193,2.704584569112979,2.7890389909447304,2.704128678949469,2.7852249128903397,2.7852249128903397,2.728059379198884,2.728059379198884,2.6588799434818413,2.6588799434818413,2.7373178835170022,2.7373178835170022,2.900346689314678,2.8988271128173553,2.7220922379864354,2.7220922379864354,2.749149536740774,2.749149536740774,2.7585734154656825,2.7585734154656825,2.8131925563546125,2.8131925563546125,2.7098083343838173,2.818283059055477,2.8032513616557826,2.8032513616557826,2.7283230105920375,2.7283230105920375,2.78531686531161,2.78531686531161,2.7378423353126093,2.7378423353126093,2.7048353969875873,2.844722137531186,2.7482298319531067,2.7482298319531067,2.664848865859938,2.664848865859938,2.71244078687849,2.71244078687849,2.708329149063865,2.6873303257450507,2.7065373493599605,2.7065373493599605,2.6660117657808637,2.6660117657808637,2.7773473270734432,2.7773473270734432,2.7395259146834148,2.7187680550613362,2.5941065137169748,2.5941065137169748,2.769364971366902,2.769364971366902,2.6723225644617035,2.6723225644617035,2.7039585777309902,2.724829258886692,2.7175614089241846,2.7842259790765906,2.725313570610332,2.781685152740482,2.8390121904853833,2.862662494479571,2.6260916103020344,2.6815853500294637,2.861201391594272,2.8999316154562496,2.764106023118867,2.784847124049182,2.853055801458149,2.7102557134768666,2.798464347958604,2.703117411685442,0.0,0.0,0.0,0.0,0.0,0.0,0.0,0.0,0.0,0.0,0.0,0.0,4.0,4.0,4.0,4.0,4.0,4.0,4.0,4.0,4.0,4.0,4.0,4.0,0.0,0.0,0.0,0.0,0.0,0.0,0.0,0.0,0.0,0.0,3.0,3.0,3.0,3.0,3.0,3.0,3.0,3.0,3.0,3.0,3.0,3.0,3.0,3.0,3.0,3.0,3.0,3.0,3.0,3.0,0.0,0.0,0.0,0.0,0.0,0.0,0.0,0.0,0.0,0.0,1.0,1.0,1.0,1.0,1.0,1.0,1.0,1.0,1.0,1.0,1.0,1.0,1.0,1.0,1.0,1.0,2.0,2.0,2.0,2.0,1.0,1.0,1.0,1.0,2.0,2.0,3.0,3.0,3.0,3.0,2.0,2.0,0.0,3.0,1.0,1.0,2.0,2.0,1.0,1.0,2.0,2.0,4.0,4.0,0.0,3.0,1.0,1.0,2.0,2.0,1.0,1.0,3.0,3.0,4.0,4.0,3.0,0.0,2.0,2.0,2.0,2.0,3.0,3.0,3.0,3.0,3.0,0.0,1.0,1.0,2.0,2.0,3.0,3.0,2.0,2.0,1.0,1.0,2.0,2.0,3.0,3.0,2.0,2.0,4.0,4.0,1.0,1.0,3.0,3.0,3.0,3.0,2.0,2.0,4.0,4.0,2.0,2.0,3.0,3.0,4.0,4.0,4.0,4.0,1.0,1.0,2.0,2.0,4.0,4.0,4.0,4.0,2.0,3.0,4.0,4.0,2.0,3.0,4.0,4.0,3.0,2.0,3.0,2.0,4.0,4.0,4.0,4.0
7,18.75,18.75,18.75,18.75,25.0,-4.2459986175,207.16667999999999,157.59985,159.7769,146.20505,219.82891,212.47977999999998,67.89295,62.40268999999999,83.38626000000001,54.46261799999999,43.911811678282746,49.18721483914137,174.07099666666667,80.05446305616458,139.58830130700258,185.59532125197686,109.34635225400123,150.43474405319841,134.85925790743187,0.37087715119128706,2.7427574731209834,2.77861449805798,2.7037821728361195,2.8675464924296943,2.8191295536640117,2.8054305637605794,2.8054305637605794,2.7361550004530097,2.7361550004530097,2.766219574460784,2.766219574460784,2.872421194777472,2.872421194777472,2.9940283618593195,2.793769643234746,2.8048709770054376,2.704616425808887,2.767094738816508,2.767094738816508,2.7524448154706027,2.7524448154706027,2.77932684980914,2.77932684980914,2.6765839299770593,2.6765839299770593,2.6104663558843275,2.7576988561706663,2.9146473607964993,2.9146473607964993,2.7252914253697713,2.7252914253697713,2.8526168733256134,2.8526168733256134,2.6560582637943018,2.6560582637943018,2.63227686191172,2.786493041264055,2.7109832295569443,2.7109832295569443,2.7424666736488903,2.7424666736488903,2.740234863257893,2.740234863257893,2.650112520966798,2.650112520966798,2.813742461955607,2.6502955396665886,2.58694245858813,2.58694245858813,2.888509646285087,2.888509646285087,2.6468595382799616,2.6468595382799616,2.64594778478809,2.64594778478809,2.598197200638358,2.694244076892812,2.7532260003383304,2.7532260003383304,2.710591478115985,2.710591478115985,2.8196643213620307,2.8196643213620307,2.6502923661277444,2.6502923661277444,2.704797796422395,2.704797796422395,2.5956244017650167,2.5956244017650167,2.717869426683519,2.717869426683519,2.8324432126935926,2.8324432126935926,2.758071861557389,2.778973136522669,2.7158475331862797,2.7370712675255646,2.7980319367046564,2.81863690794313,2.6901115379810925,2.711536720529338,2.9650301679011632,2.8499458715372117,2.766256284958146,2.720440782902918,2.7947465544024577,2.731739110173774,2.9034083074996273,2.735000965063238,2.786197237906175,2.5308115595469785,2.752174107289726,2.717198251393704,2.5712424849307776,2.73216899208303,2.7118728742033995,2.7427574731209834,2.0,2.0,2.0,2.0,2.0,2.0,2.0,2.0,2.0,2.0,2.0,2.0,4.0,4.0,4.0,4.0,4.0,4.0,4.0,4.0,4.0,4.0,4.0,4.0,2.0,2.0,2.0,2.0,2.0,2.0,2.0,2.0,2.0,2.0,0.0,0.0,0.0,0.0,0.0,0.0,0.0,0.0,0.0,0.0,1.0,1.0,1.0,1.0,1.0,1.0,1.0,1.0,1.0,1.0,3.0,3.0,3.0,3.0,3.0,3.0,3.0,3.0,3.0,3.0,0.0,0.0,0.0,0.0,0.0,0.0,0.0,0.0,4.0,4.0,4.0,4.0,4.0,4.0,4.0,4.0,2.0,2.0,2.0,2.0,3.0,3.0,3.0,3.0,1.0,1.0,4.0,4.0,0.0,0.0,4.0,4.0,2.0,0.0,0.0,4.0,2.0,2.0,3.0,3.0,1.0,1.0,3.0,3.0,2.0,0.0,0.0,4.0,2.0,2.0,3.0,3.0,4.0,4.0,1.0,1.0,1.0,3.0,2.0,2.0,1.0,1.0,4.0,4.0,0.0,0.0,1.0,3.0,3.0,3.0,1.0,1.0,4.0,4.0,4.0,4.0,0.0,4.0,1.0,1.0,0.0,0.0,4.0,4.0,3.0,3.0,0.0,4.0,4.0,4.0,0.0,0.0,4.0,4.0,1.0,1.0,2.0,2.0,0.0,0.0,3.0,3.0,1.0,1.0,3.0,3.0,4.0,4.0,3.0,3.0,1.0,1.0,1.0,4.0,3.0,1.0,1.0,4.0,3.0,1.0,0.0,4.0,0.0,4.0,3.0,1.0,3.0,1.0
8,18.75,18.75,25.0,18.75,18.75,-4.09372642625,210.37046999999998,151.21858,145.00356,147.14487,196.87637999999998,207.26444999999998,67.81358,71.41868,66.61611,52.57929333333333,43.49556800487436,48.03743066910384,166.80503555555555,79.79298941802368,137.3675589905266,180.8696862187981,108.3045904566683,147.70011171421714,131.48989760743177,0.368619176503979,2.583325793210179,2.9091574096188055,2.846102662243799,2.814954460192533,2.7841983623494704,2.791815763765582,2.791815763765582,2.710323794713325,2.710323794713325,2.848720074788149,2.848720074788149,2.778408001227832,2.778408001227832,2.7454745074294533,2.6530551900674815,2.8149447601700532,2.7265634916941583,2.7765971786006336,2.7765971786006336,2.664926100733377,2.664926100733377,2.759337708309913,2.759337708309913,2.8072988388709956,2.8072988388709956,2.9019028308392754,2.7022276614393537,2.7900053106060567,2.7900053106060567,2.875204139226465,2.875204139226465,2.779309391994709,2.779309391994709,2.7353690853431463,2.7353690853431463,2.7022135020901366,2.5365874344687986,2.836764855811281,2.836764855811281,2.6910551972708845,2.6910551972708845,2.601039918882638,2.601039918882638,2.7885956412597723,2.7885956412597723,2.8078237288975245,2.6445556134420842,2.7768689288553032,2.7768689288553032,2.9309077084633692,2.9309077084633692,2.684307477453065,2.684307477453065,2.6661820603224005,2.6661820603224005,2.8113455801998093,2.579428584752833,2.691493247228014,2.691493247228014,2.710671489656207,2.710671489656207,2.628488701879086,2.628488701879086,2.8099119233233987,2.8099119233233987,2.7944154621274624,2.7944154621274624,2.749729536090777,2.749729536090777,2.869797215177581,2.869797215177581,2.758394864653355,2.758394864653355,2.7889294322771665,2.8098023201324747,2.635998199385197,2.6580722727499344,2.711398717381462,2.7328638284074525,2.586088467746415,2.608584915813745,2.881516326553261,2.8493069105099926,2.9065491956655474,2.812288099891019,2.733990227412424,2.7009908125384285,2.717519266376097,2.6357141392861325,2.9062107236141705,2.730963459360238,2.7035364240817987,2.65822235893087,2.9011906423523772,2.7061361234645975,2.5610998536883014,2.583325793210179,3.0,3.0,3.0,3.0,3.0,3.0,3.0,3.0,3.0,3.0,3.0,3.0,4.0,4.0,4.0,4.0,4.0,4.0,4.0,4.0,4.0,4.0,4.0,4.0,3.0,3.0,3.0,3.0,3.0,3.0,3.0,3.0,3.0,3.0,0.0,0.0,0.0,0.0,0.0,0.0,0.0,0.0,0.0,0.0,4.0,4.0,4.0,4.0,4.0,4.0,4.0,4.0,4.0,4.0,0.0,0.0,0.0,0.0,0.0,0.0,0.0,0.0,0.0,0.0,2.0,2.0,2.0,2.0,2.0,2.0,2.0,2.0,4.0,4.0,4.0,4.0,4.0,4.0,4.0,4.0,2.0,2.0,2.0,2.0,3.0,3.0,3.0,3.0,2.0,2.0,0.0,0.0,2.0,2.0,1.0,1.0,3.0,0.0,2.0,4.0,2.0,2.0,3.0,3.0,2.0,2.0,1.0,1.0,3.0,0.0,2.0,4.0,2.0,2.0,3.0,3.0,0.0,0.0,1.0,1.0,4.0,0.0,2.0,2.0,2.0,2.0,0.0,0.0,2.0,2.0,4.0,0.0,3.0,3.0,2.0,2.0,0.0,0.0,1.0,1.0,2.0,4.0,2.0,2.0,2.0,2.0,1.0,1.0,1.0,1.0,2.0,4.0,0.0,0.0,2.0,2.0,1.0,1.0,1.0,1.0,2.0,2.0,2.0,2.0,1.0,1.0,1.0,1.0,3.0,3.0,1.0,1.0,1.0,1.0,1.0,1.0,2.0,0.0,1.0,1.0,2.0,0.0,1.0,1.0,2.0,1.0,2.0,1.0,1.0,1.0,1.0,1.0
9,18.75,18.75,25.0,18.75,18.75,-4.082158660625,209.76079,147.87331999999998,146.46295,159.65207,193.36168,200.04171,61.39331,76.46578,60.02328,49.52152999999999,37.77762750637227,43.649578753186134,167.90454,66.44619924782914,123.54200543402298,173.13137527758042,93.62317700926415,134.76960354024007,120.50620525087588,0.380382224674731,2.734658150665454,2.7970631766710237,2.85541123318714,2.690668141967258,2.7122458450094418,2.759199282633641,2.759199282633641,2.7673115962564645,2.7673115962564645,2.7882125011623486,2.7882125011623486,2.7188525838255186,2.7188525838255186,2.7619550166431024,2.785881576309553,2.690845168299517,2.7356621935792247,2.6799983421269125,2.6799983421269125,2.7243076751763926,2.7243076751763926,2.786944442467054,2.786944442467054,2.7177955604349893,2.7177955604349893,2.8409849970040324,2.792270815410282,2.8247213392069312,2.8247213392069312,2.758022379963404,2.758022379963404,2.730148337061926,2.730148337061926,2.8332773399323266,2.8332773399323266,2.7517356438800413,2.682115746266182,2.783662249375452,2.783662249375452,2.7465934428246026,2.7465934428246026,2.6951756233453503,2.6951756233453503,2.777938136075208,2.756924008358047,2.7804913101042055,2.6851883835208663,2.8141416389949176,2.8141416389949176,2.7886055558687395,2.7886055558687395,2.692667989336469,2.7141796552176314,2.733049520532879,2.733049520532879,2.7958391409351506,2.706984385192127,2.7812838690536426,2.7812838690536426,2.7638070234844547,2.7638070234844547,2.665412687647825,2.6871425521311667,2.7675012950466704,2.7675012950466704,2.6915923043602974,2.6915923043602974,2.7058823767468168,2.7058823767468168,2.7293339026733245,2.7293339026733245,2.7299148552638046,2.7299148552638046,2.752724817237527,2.752724817237527,2.737879970752188,2.759039150546074,2.736616605975891,2.736616605975891,2.7329569707968324,2.7329569707968324,2.8488118546790697,2.777528195504233,2.724889109005491,2.643372750049992,2.7457672163159246,2.721684175308553,2.7794202840679927,2.708720699736837,2.8679189375072998,2.7962861493077744,2.831964962445687,2.7558310875367527,2.6919070758302563,2.685965497296084,2.752626219704176,2.734658150665454,3.0,3.0,3.0,3.0,3.0,3.0,3.0,3.0,3.0,3.0,3.0,3.0,4.0,4.0,4.0,4.0,4.0,4.0,4.0,4.0,4.0,4.0,4.0,4.0,2.0,2.0,2.0,2.0,2.0,2.0,2.0,2.0,2.0,2.0,4.0,4.0,4.0,4.0,4.0,4.0,4.0,4.0,4.0,4.0,1.0,1.0,1.0,1.0,1.0,1.0,1.0,1.0,1.0,1.0,1.0,1.0,1.0,1.0,1.0,1.0,1.0,1.0,1.0,1.0,3.0,3.0,3.0,3.0,3.0,3.0,3.0,3.0,2.0,2.0,2.0,2.0,2.0,2.0,2.0,2.0,1.0,1.0,1.0,1.0,0.0,0.0,0.0,0.0,2.0,2.0,3.0,3.0,2.0,2.0,4.0,4.0,2.0,4.0,3.0,2.0,1.0,1.0,0.0,0.0,2.0,2.0,0.0,0.0,2.0,4.0,3.0,2.0,1.0,1.0,0.0,0.0,3.0,3.0,0.0,0.0,1.0,1.0,1.0,1.0,2.0,2.0,3.0,3.0,2.0,2.0,1.0,1.0,0.0,0.0,2.0,2.0,3.0,3.0,4.0,4.0,3.0,2.0,2.0,2.0,2.0,2.0,4.0,4.0,0.0,0.0,3.0,2.0,3.0,3.0,2.0,2.0,4.0,4.0,0.0,0.0,1.0,1.0,2.0,2.0,0.0,0.0,0.0,0.0,0.0,0.0,4.0,4.0,0.0,0.0,0.0,0.0,2.0,3.0,0.0,0.0,2.0,3.0,0.0,0.0,2.0,4.0,2.0,4.0,0.0,0.0,0.0,0.0
10,25.0,18.75,25.0,18.75,12.5,-3.960275945625,199.93377,145.32152000000002,147.46283,141.46076,196.51183,200.67093,62.32252,66.25249,67.68401,50.10989866666667,41.730772411772115,45.920335539219394,162.84519444444445,76.92500336178664,131.7851622768009,172.88319861112586,104.15935575438331,141.57406667543378,125.92461108956972,0.3711203284002652,2.645240093493973,2.761479746461306,2.777377076419291,2.9346260465896274,2.937654646106061,2.843984069610974,2.843984069610974,2.753280611176928,2.753280611176928,2.7803485516355684,2.7803485516355684,2.8730751397301018,2.8730751397301018,2.8444358319492817,2.9140407230045704,2.7122924048749413,2.7656749110023138,2.686981499785587,2.686981499785587,2.657882932244007,2.657882932244007,2.820751818152919,2.820751818152919,2.8190104684626367,2.8190104684626367,2.6704199947611236,2.7126966193914868,2.808298103141652,2.808298103141652,2.7614786576415904,2.7614786576415904,2.8466352652803977,2.8466352652803977,2.705342072931074,2.6838483249936087,2.5237526950852707,2.5902306621148625,2.913682769484866,2.913682769484866,2.6584930075298807,2.6584930075298807,2.6770684589770952,2.6770684589770952,2.57536764830383,2.57536764830383,2.817036309393615,2.686543649153167,2.628077728913283,2.628077728913283,2.786583529646833,2.7657212201700663,2.701970868661145,2.701970868661145,2.667276710042098,2.667276710042098,2.6645599872128978,2.550816095971836,2.6521422873311304,2.6521422873311304,2.7429520819702633,2.7217553571151467,2.7259454040992828,2.7259454040992828,2.6584203136543327,2.6584203136543327,2.7547936810570377,2.7547936810570377,2.6794793939392405,2.701007908641698,2.8391633262274647,2.8391633262274647,2.688914618274444,2.688914618274444,2.835754660430025,2.835754660430025,2.6359653367434484,2.6359653367434484,2.7718301665003806,2.7718301665003806,2.642323903669079,2.642323903669079,2.963593835953402,2.849071386674788,2.9061506076613894,2.777238546859349,2.8628664386329135,2.6946501355138857,2.8316392449372056,2.7342651558455127,2.729703451812486,2.5728541667744333,2.750926424636799,2.574579009826656,2.6957801781098545,2.643187545610224,2.6284056731409957,2.645240093493973,2.0,2.0,2.0,2.0,2.0,2.0,2.0,2.0,2.0,2.0,2.0,2.0,0.0,0.0,0.0,0.0,0.0,0.0,0.0,0.0,0.0,0.0,0.0,0.0,4.0,4.0,4.0,4.0,4.0,4.0,4.0,4.0,4.0,4.0,1.0,1.0,1.0,1.0,1.0,1.0,1.0,1.0,1.0,1.0,0.0,0.0,0.0,0.0,0.0,0.0,0.0,0.0,0.0,0.0,1.0,1.0,1.0,1.0,1.0,1.0,1.0,1.0,1.0,1.0,3.0,3.0,3.0,3.0,3.0,3.0,3.0,3.0,3.0,3.0,3.0,3.0,3.0,3.0,3.0,3.0,2.0,2.0,2.0,2.0,2.0,2.0,2.0,2.0,0.0,0.0,2.0,2.0,4.0,4.0,1.0,1.0,4.0,1.0,3.0,3.0,2.0,2.0,2.0,2.0,0.0,0.0,3.0,3.0,4.0,1.0,3.0,3.0,2.0,2.0,2.0,2.0,2.0,2.0,0.0,0.0,0.0,1.0,2.0,2.0,0.0,0.0,2.0,2.0,4.0,4.0,0.0,1.0,2.0,2.0,0.0,0.0,2.0,2.0,1.0,1.0,3.0,3.0,0.0,0.0,4.0,4.0,1.0,1.0,3.0,3.0,3.0,3.0,2.0,2.0,4.0,4.0,1.0,1.0,0.0,0.0,2.0,2.0,4.0,4.0,3.0,3.0,0.0,0.0,2.0,2.0,1.0,1.0,3.0,3.0,0.0,0.0,0.0,2.0,3.0,0.0,0.0,2.0,3.0,0.0,4.0,1.0,4.0,1.0,3.0,0.0,3.0,0.0
11,25.0,18.75,18.75,18.75,18.75,-4.13844687,207.95648,149.86401,153.34620999999999,147.14845,213.56536999999997,212.05023999999997,72.04991,72.52815000000001,80.59097,57.24803399999999,47.14677986811813,52.19740693405906,170.47660333333332,85.85273903340475,148.35888791173377,195.90179693992766,116.74751400909481,159.62657071921078,142.09024569107189,0.36108529175189075,2.6761399531971417,2.7326816419738686,2.6623409258915354,2.6477827066954043,2.6015324353248874,2.7696980843510723,2.7696980843510723,2.71565146573893,2.71565146573893,2.738261740571014,2.738261740571014,2.68706768016186,2.7086536171630433,2.753708232053098,2.7278097066430425,2.7801408730172,2.666037127737729,2.755697719262764,2.755697719262764,2.724301772719939,2.724301772719939,2.7158493269393644,2.7158493269393644,2.681411449603443,2.681411449603443,2.756990083878613,2.8087585674017976,2.708223811462598,2.708223811462598,2.7234767238032345,2.7234767238032345,2.7478079822895194,2.7478079822895194,2.7270419084651047,2.7270419084651047,2.6957205869557397,2.741290946355385,2.7133948903698113,2.7133948903698113,2.7098922155742646,2.7098922155742646,2.784239136622607,2.784239136622607,2.7492668966277174,2.7492668966277174,2.6707459823818884,2.662898032964837,2.743011723509216,2.743011723509216,2.734090068242449,2.734090068242449,2.690291648506161,2.690291648506161,2.684842809867833,2.7064464919334723,2.7893615613471483,2.7279932133003926,2.7595709556630355,2.7595709556630355,2.8198230865013496,2.8198230865013496,2.722625665215657,2.722625665215657,2.7162999248472177,2.7162999248472177,2.715034676429021,2.715034676429021,2.722332645408529,2.722332645408529,2.786761564342741,2.765785298337165,2.8607549847741245,2.8607549847741245,2.667181150914695,2.667181150914695,2.7421979015960902,2.7421979015960902,2.608907276861138,2.631134523215983,2.714316617324147,2.714316617324147,2.715609596097532,2.6830084383029806,2.818573904167006,2.7411183134855084,2.7233288347764755,2.7186586333013567,2.601775078872429,2.6290356033604865,2.6793236812257306,2.706109716891944,2.753129868183664,2.7826292561388772,2.7657802487755605,2.8404180049649383,2.5901586467984927,2.6761399531971417,0.0,0.0,0.0,0.0,0.0,0.0,0.0,0.0,0.0,0.0,0.0,0.0,4.0,4.0,4.0,4.0,4.0,4.0,4.0,4.0,4.0,4.0,4.0,4.0,4.0,4.0,4.0,4.0,4.0,4.0,4.0,4.0,4.0,4.0,3.0,3.0,3.0,3.0,3.0,3.0,3.0,3.0,3.0,3.0,0.0,0.0,0.0,0.0,0.0,0.0,0.0,0.0,0.0,0.0,2.0,2.0,2.0,2.0,2.0,2.0,2.0,2.0,2.0,2.0,2.0,2.0,2.0,2.0,2.0,2.0,2.0,2.0,1.0,1.0,1.0,1.0,1.0,1.0,1.0,1.0,1.0,1.0,1.0,1.0,0.0,0.0,0.0,0.0,2.0,2.0,3.0,3.0,1.0,1.0,0.0,0.0,4.0,3.0,2.0,1.0,1.0,1.0,0.0,0.0,2.0,2.0,4.0,4.0,4.0,3.0,2.0,1.0,1.0,1.0,0.0,0.0,3.0,3.0,3.0,3.0,0.0,2.0,1.0,1.0,2.0,2.0,3.0,3.0,1.0,1.0,0.0,2.0,0.0,0.0,2.0,2.0,3.0,3.0,0.0,0.0,2.0,1.0,2.0,2.0,1.0,1.0,0.0,0.0,4.0,4.0,2.0,1.0,3.0,3.0,1.0,1.0,0.0,0.0,3.0,3.0,1.0,1.0,1.0,1.0,4.0,4.0,3.0,3.0,0.0,0.0,0.0,0.0,4.0,4.0,3.0,3.0,2.0,3.0,4.0,3.0,2.0,3.0,4.0,3.0,1.0,0.0,1.0,0.0,4.0,3.0,4.0,3.0
12,25.0,18.75,18.75,18.75,18.75,-4.1213257225,212.95313000000002,151.68106,146.57637,152.64058,206.32806,212.66649,76.04496,75.24038,65.49238,55.425522,46.02619653627685,50.72585926813842,170.41596666666666,84.70267672792981,144.58553208038208,189.1636590463922,114.4846199664002,155.22520954213996,138.44145886974138,0.36460437405244955,2.788982266273129,2.6733892294557484,2.7330578596866855,2.710318654353146,2.7608891645416427,2.6914663451118983,2.6914663451118983,2.774714803626038,2.774714803626038,2.704115273742967,2.704115273742967,2.730087367131538,2.730087367131538,2.6556299455345806,2.71737136523148,2.6038148756882906,2.5934972342196128,2.6566995944536145,2.6566995944536145,2.727631432671577,2.727631432671577,2.6680336385171386,2.6680336385171386,2.6235232993772066,2.6235232993772066,2.7656100343152143,2.7173757772947047,2.701737119778681,2.701737119778681,2.7610417010885584,2.7610417010885584,2.7018015662152175,2.7018015662152175,2.746080303445986,2.746080303445986,2.7694099265273686,2.7506727700873466,2.747208783391244,2.747208783391244,2.7201920054854294,2.7201920054854294,2.6692288296110918,2.6692288296110918,2.8017225182108954,2.8017225182108954,2.7821122989915414,2.857900647789143,2.764319308803706,2.764319308803706,2.788984794800251,2.788984794800251,2.785676084712227,2.785676084712227,2.784835193629059,2.784835193629059,2.679984160414573,2.729096926827627,2.866953577833272,2.866953577833272,2.6355098213116186,2.6355098213116186,2.6418418416214853,2.6418418416214853,2.8320580991692244,2.8320580991692244,2.7510608004382893,2.7510608004382893,2.7827740618690195,2.7827740618690195,2.6883068952102547,2.6883068952102547,2.6167390133895663,2.6167390133895663,2.62156803390167,2.643638109949065,2.7932118004222306,2.813935973333082,2.8227147160067743,2.8432238511874517,2.706543472665828,2.7279261480894235,2.7052836148489128,2.5909666122929877,2.672517922720955,2.556429504433791,2.7340448570835783,2.611879747298677,2.730560253490759,2.6280383936003195,2.815985618527552,2.822458103669594,2.7534451409034824,2.7556836629157933,2.782176566854088,2.7140803757626633,2.867903512405053,2.788982266273129,3.0,3.0,3.0,3.0,3.0,3.0,3.0,3.0,3.0,3.0,3.0,3.0,1.0,1.0,1.0,1.0,1.0,1.0,1.0,1.0,1.0,1.0,1.0,1.0,0.0,0.0,0.0,0.0,0.0,0.0,0.0,0.0,0.0,0.0,0.0,0.0,0.0,0.0,0.0,0.0,0.0,0.0,0.0,0.0,3.0,3.0,3.0,3.0,3.0,3.0,3.0,3.0,3.0,3.0,0.0,0.0,0.0,0.0,0.0,0.0,0.0,0.0,0.0,0.0,0.0,0.0,0.0,0.0,0.0,0.0,0.0,0.0,4.0,4.0,4.0,4.0,4.0,4.0,4.0,4.0,1.0,1.0,1.0,1.0,1.0,1.0,1.0,1.0,2.0,2.0,2.0,2.0,4.0,4.0,4.0,4.0,0.0,0.0,0.0,4.0,1.0,1.0,1.0,1.0,2.0,2.0,2.0,2.0,0.0,0.0,0.0,4.0,1.0,1.0,1.0,1.0,2.0,2.0,3.0,3.0,3.0,0.0,1.0,1.0,2.0,2.0,2.0,2.0,4.0,4.0,3.0,0.0,1.0,1.0,2.0,2.0,2.0,2.0,4.0,4.0,0.0,4.0,2.0,2.0,4.0,4.0,4.0,4.0,2.0,2.0,0.0,4.0,2.0,2.0,4.0,4.0,4.0,4.0,3.0,3.0,1.0,1.0,4.0,4.0,2.0,2.0,3.0,3.0,1.0,1.0,4.0,4.0,2.0,2.0,3.0,3.0,2.0,2.0,2.0,3.0,2.0,2.0,2.0,3.0,4.0,4.0,4.0,4.0,2.0,3.0,2.0,3.0
13,18.75,25.0,18.75,18.75,18.75,-4.200585776875,212.43482,150.10976,150.60228999999998,152.84108,210.1486,198.73098,62.79987,72.90071,66.8982,51.70384066666667,42.77603181089236,47.23993623877952,169.82451777777774,78.71061939729151,135.4435559211108,178.2760913075318,106.81178296576769,145.61969144921903,129.69417101771288,0.37271746475438944,2.81865188160617,2.7522659286684124,2.788250671799141,2.603519915659722,2.678298085316451,2.7095958126927346,2.7095958126927346,2.675543945909721,2.675543945909721,2.7381967337337176,2.7381967337337176,2.669007389323343,2.669007389323343,2.6316677849943373,2.6741289274492734,2.793002673681429,2.8790646741427692,2.697926129154392,2.697926129154392,2.741281470261308,2.741281470261308,2.6399914993277918,2.6399914993277918,2.6896008855489706,2.6896008855489706,2.9257516114369655,2.724470456060223,2.638010740392275,2.638010740392275,2.7588377782731266,2.7588377782731266,2.675093718989673,2.675093718989673,2.7784149495980617,2.7784149495980617,2.7592439765757866,2.669521503763737,2.721575317354822,2.742409070148908,2.7486430195408715,2.769273144503943,2.6241648950761465,2.64576580531044,2.7086748527422038,2.7296070702352013,2.720768783480507,2.5643877822687347,2.727812981998766,2.727812981998766,2.7121758013089785,2.7121758013089785,2.6270773986767426,2.6270773986767426,2.749279818318063,2.749279818318063,2.939151165711794,2.7933716623958227,2.7689449886761928,2.7689449886761928,2.777055666744007,2.777055666744007,2.709193885883216,2.709193885883216,2.786249638677231,2.786249638677231,2.7147262540784127,2.7147262540784127,2.7622599346965884,2.7622599346965884,2.635465319871426,2.635465319871426,2.8174778527367343,2.8174778527367343,2.730873716333183,2.730873716333183,2.7063114994270343,2.7063114994270343,2.5976671399287015,2.5976671399287015,2.782313552423774,2.782313552423774,2.722448402451367,2.6530277766109047,2.7549558412153194,2.7555855878910402,2.746915687442292,2.7023402737118434,2.6259361149654366,2.693338968117903,2.675999292828195,2.7021316395899664,2.900616012644211,2.7932644264379984,2.77077522136405,2.828836947052623,2.7480701758769484,2.81865188160617,1.0,1.0,1.0,1.0,1.0,1.0,1.0,1.0,1.0,1.0,1.0,1.0,0.0,0.0,0.0,0.0,0.0,0.0,0.0,0.0,0.0,0.0,0.0,0.0,0.0,0.0,0.0,0.0,0.0,0.0,0.0,0.0,0.0,0.0,4.0,4.0,4.0,4.0,4.0,4.0,4.0,4.0,4.0,4.0,0.0,0.0,0.0,0.0,0.0,0.0,0.0,0.0,0.0,0.0,2.0,2.0,2.0,2.0,2.0,2.0,2.0,2.0,2.0,2.0,3.0,3.0,3.0,3.0,3.0,3.0,3.0,3.0,3.0,3.0,3.0,3.0,3.0,3.0,3.0,3.0,4.0,4.0,4.0,4.0,4.0,4.0,4.0,4.0,2.0,2.0,1.0,1.0,2.0,2.0,1.0,1.0,0.0,4.0,3.0,3.0,4.0,4.0,4.0,4.0,2.0,2.0,1.0,1.0,0.0,4.0,3.0,3.0,4.0,4.0,4.0,4.0,1.0,1.0,3.0,3.0,0.0,2.0,4.0,4.0,2.0,2.0,1.0,1.0,2.0,2.0,0.0,2.0,4.0,4.0,2.0,2.0,1.0,1.0,1.0,1.0,3.0,3.0,2.0,2.0,2.0,2.0,1.0,1.0,1.0,1.0,3.0,3.0,1.0,1.0,2.0,2.0,1.0,1.0,3.0,3.0,4.0,4.0,2.0,2.0,1.0,1.0,3.0,3.0,4.0,4.0,1.0,1.0,1.0,1.0,3.0,3.0,2.0,1.0,1.0,3.0,2.0,1.0,1.0,3.0,2.0,1.0,2.0,1.0,1.0,3.0,1.0,3.0
14,18.75,25.0,18.75,18.75,18.75,-4.187220355,204.74242999999998,155.11231,155.7354,148.47508,221.17042,206.6011,72.82276,68.0745,79.32139,55.58980733333333,44.624506022318485,50.10715667782591,172.3510588888889,80.11835559212989,142.3807248765443,192.1579554766112,110.45697469115281,153.9825399144648,137.04095479258987,0.3674788580972811,2.706433075086284,2.830778505264055,2.8143704063562494,2.687683657458593,2.605053905139938,2.7780839786638922,2.7780839786638922,2.762215382262875,2.762215382262875,2.8511480553636637,2.8511480553636637,2.648221216945065,2.648221216945065,2.7758358247354975,2.687974259306253,2.7019709123674884,2.6615886617090183,2.761809988940767,2.761809988940767,2.6737853616818232,2.6737853616818232,2.679781569978419,2.679781569978419,2.6549175471364457,2.6549175471364457,2.8847067325899873,2.7566124124492,2.727177628546773,2.727177628546773,2.7553033349591476,2.7553033349591476,2.733256220123719,2.733256220123719,2.7388768849581395,2.7388768849581395,2.785849377009181,2.762484911764225,2.7930581041949343,2.7930581041949343,2.7571221141737343,2.7571221141737343,2.7297527976380938,2.7297527976380938,2.822711589740617,2.802199585835384,2.657373828203326,2.6324056512031806,2.7393521171738766,2.7393521171738766,2.7826069481196947,2.7826069481196947,2.670481305401714,2.6919971401359333,2.5667240708210146,2.5667240708210146,2.6945436643055167,2.635639798554613,2.7903739362311284,2.7903739362311284,2.7522690798373985,2.7522690798373985,2.7486956960713202,2.769603984254969,2.673967192233667,2.673967192233667,2.6689924555721394,2.6689924555721394,2.6610834785117135,2.6610834785117135,2.7458521127154683,2.7458521127154683,2.7099281222565668,2.7099281222565668,2.59989815553879,2.59989815553879,2.588695734356589,2.6108856361541384,2.7692003312516125,2.7692003312516125,2.7482352313870444,2.7482352313870444,2.8356806713734533,2.685918975906198,2.7159269849922323,2.654377751239639,2.905760903168332,2.7448734862656234,2.7364587542992203,2.5722317678477182,2.688096536922921,2.76240351167447,2.8173046671861743,2.8871184519331727,2.660285712332418,2.6635436824195318,2.5428774540920456,2.706433075086284,4.0,4.0,4.0,4.0,4.0,4.0,4.0,4.0,4.0,4.0,4.0,4.0,1.0,1.0,1.0,1.0,1.0,1.0,1.0,1.0,1.0,1.0,1.0,1.0,2.0,2.0,2.0,2.0,2.0,2.0,2.0,2.0,2.0,2.0,3.0,3.0,3.0,3.0,3.0,3.0,3.0,3.0,3.0,3.0,1.0,1.0,1.0,1.0,1.0,1.0,1.0,1.0,1.0,1.0,4.0,4.0,4.0,4.0,4.0,4.0,4.0,4.0,4.0,4.0,2.0,2.0,2.0,2.0,2.0,2.0,2.0,2.0,0.0,0.0,0.0,0.0,0.0,0.0,0.0,0.0,0.0,0.0,0.0,0.0,3.0,3.0,3.0,3.0,2.0,2.0,3.0,3.0,1.0,1.0,4.0,4.0,2.0,3.0,2.0,0.0,0.0,0.0,3.0,3.0,2.0,2.0,1.0,1.0,2.0,3.0,2.0,0.0,0.0,0.0,3.0,3.0,3.0,3.0,0.0,0.0,1.0,4.0,0.0,0.0,2.0,2.0,3.0,3.0,1.0,1.0,1.0,4.0,3.0,3.0,2.0,2.0,3.0,3.0,4.0,4.0,2.0,0.0,2.0,2.0,1.0,1.0,4.0,4.0,1.0,1.0,2.0,0.0,3.0,3.0,1.0,1.0,4.0,4.0,0.0,0.0,0.0,0.0,1.0,1.0,1.0,1.0,0.0,0.0,3.0,3.0,4.0,4.0,1.0,1.0,0.0,0.0,2.0,3.0,1.0,0.0,2.0,3.0,1.0,0.0,1.0,4.0,1.0,4.0,1.0,0.0,1.0,0.0
15,18.75,25.0,18.75,18.75,18.75,-4.184552958125,208.70636,155.00538,157.1405,145.65888,220.93825999999999,211.96356,77.84316,69.78178,82.55339000000001,58.28922733333333,46.96095701568508,52.625092174509206,173.0241888888889,84.46487004291227,148.90365173096808,199.68361435836255,115.99337517577726,160.79717301819917,143.3427682114114,0.36192415336846157,2.913751751998787,2.6684784063851823,2.542081532902728,2.8041710192601137,2.6751251282953192,2.7211564750203174,2.7211564750203174,2.6894167376858915,2.6894167376858915,2.628987315318581,2.628987315318581,2.7704131395755196,2.7704131395755196,2.843302748426379,2.6822873602544908,2.7701679863748523,2.6743516878138234,2.754521055350639,2.754521055350639,2.7764422722920066,2.7764422722920066,2.6021346058351784,2.6021346058351784,2.685285428456689,2.663667740594127,2.578297582720815,2.742752684907992,2.750958610410742,2.750958610410742,2.6950289025971506,2.6950289025971506,2.9112072722391305,2.9112072722391305,2.643541924927615,2.643541924927615,2.6774256132267964,2.7682425201249985,2.592097040713754,2.592097040713754,2.647764423687905,2.647764423687905,2.7061794694217904,2.7061794694217904,2.696656739846583,2.696656739846583,2.7684614237980636,2.7731354632017537,2.717678134648399,2.717678134648399,2.785993967965114,2.785993967965114,2.638813971127394,2.638813971127394,2.724356309712259,2.724356309712259,2.7501645358436284,2.81764725611014,2.761334684263391,2.761334684263391,2.7594718461538976,2.7594718461538976,2.761429050874203,2.761429050874203,2.818439750791207,2.797851073384715,2.7685275496067008,2.7685275496067008,2.681492620958708,2.681492620958708,2.724674278879771,2.724674278879771,2.7271219535891675,2.7482405552913303,2.6808029220799177,2.6808029220799177,2.876960917818141,2.876960917818141,2.7444947683137215,2.7444947683137215,2.750427532652515,2.729325853095046,2.6717168628821804,2.7152559138432975,2.729225046895852,2.711302385737342,2.559085474583701,2.5418867330274577,2.755502647771777,2.74660806453258,2.804409851936767,2.5701399660426247,2.8733017704710377,2.7041008774851583,2.6956487256845985,2.7808507255852484,2.7533670364198275,2.913751751998787,1.0,1.0,1.0,1.0,1.0,1.0,1.0,1.0,1.0,1.0,1.0,1.0,1.0,1.0,1.0,1.0,1.0,1.0,1.0,1.0,1.0,1.0,1.0,1.0,2.0,2.0,2.0,2.0,2.0,2.0,2.0,2.0,2.0,2.0,0.0,0.0,0.0,0.0,0.0,0.0,0.0,0.0,0.0,0.0,1.0,1.0,1.0,1.0,1.0,1.0,1.0,1.0,1.0,1.0,3.0,3.0,3.0,3.0,3.0,3.0,3.0,3.0,3.0,3.0,3.0,3.0,3.0,3.0,3.0,3.0,3.0,3.0,2.0,2.0,2.0,2.0,2.0,2.0,2.0,2.0,4.0,4.0,4.0,4.0,1.0,1.0,1.0,1.0,0.0,0.0,4.0,4.0,0.0,0.0,3.0,3.0,2.0,0.0,3.0,2.0,4.0,4.0,1.0,1.0,0.0,0.0,2.0,2.0,2.0,0.0,3.0,2.0,4.0,4.0,1.0,1.0,4.0,4.0,4.0,4.0,1.0,3.0,4.0,4.0,0.0,0.0,4.0,4.0,0.0,0.0,1.0,3.0,1.0,1.0,0.0,0.0,4.0,4.0,3.0,3.0,3.0,2.0,0.0,0.0,0.0,0.0,3.0,3.0,2.0,2.0,3.0,2.0,4.0,4.0,0.0,0.0,3.0,3.0,4.0,4.0,4.0,4.0,0.0,0.0,2.0,2.0,4.0,4.0,1.0,1.0,3.0,3.0,2.0,2.0,4.0,4.0,0.0,4.0,2.0,4.0,0.0,4.0,2.0,4.0,0.0,3.0,0.0,3.0,2.0,4.0,2.0,4.0
16,6.25,75.0,6.25,6.25,6.25,-4.628795813125,242.6311,157.28965,155.36995,155.86690000000002,240.54722999999998,249.10882999999998,97.11699,103.71824,100.72544,77.89617799999999,66.27116545674572,72.08367172837285,185.48224000000002,122.01059705179672,200.51270920521404,255.25721850543573,161.7974187523139,213.85282579697005,191.45003913897045,0.32797091594055,2.496105585796602,2.5651883780418547,2.5318259443499294,2.7926700332780103,2.756525633834267,2.618462458183619,2.639276462388319,2.595326850094032,2.6163249146119085,2.5285161092373927,2.5500643746135117,2.7419773116904165,2.761860636930293,2.5511959514872626,2.5001176063507495,2.5641917242197394,2.53445742697446,2.5514641745917186,2.5514641745917186,2.5010072993146184,2.5010072993146184,2.5564122077927887,2.5564122077927887,2.64843046221531,2.64843046221531,2.5010621925128134,2.4789957380560383,2.541120356744245,2.541120356744245,2.6131502175956127,2.6131502175956127,2.533665816745571,2.533665816745571,2.476111895067345,2.476111895067345,2.4685251440042513,2.4310190836700563,2.564481879674723,2.564481879674723,2.607058491981108,2.607058491981108,2.5314656070057517,2.5314656070057517,2.4873990038737253,2.4873990038737253,2.750740897402189,2.719687735670257,2.431582648200344,2.431582648200344,2.638869693682695,2.638869693682695,2.613718634641153,2.613718634641153,2.607491513946881,2.607491513946881,2.5413816507183644,2.4823890899359435,2.519545878816458,2.519545878816458,2.5477667798835117,2.5477667798835117,2.4871053390172273,2.4871053390172273,2.5974333181771962,2.5974333181771962,2.6750749877324935,2.6750749877324935,2.632323302568664,2.632323302568664,2.7191487852145935,2.7191487852145935,2.544763449223719,2.544763449223719,2.64828195756513,2.64828195756513,2.622387366050447,2.622387366050447,2.601447653931443,2.601447653931443,2.4287618921277567,2.4287618921277567,2.599524985559477,2.470967234124524,2.811106076540336,2.6968374184264428,2.625567295190586,2.493171301167451,2.6869145920086503,2.5376949367496873,2.50365793422544,2.5141270057131186,2.435857200197294,2.4303195179245463,2.683158666999773,2.6220473447931867,2.563380288383409,2.496105585796602,4.0,4.0,4.0,4.0,4.0,4.0,4.0,4.0,4.0,4.0,4.0,4.0,0.0,0.0,0.0,0.0,0.0,0.0,0.0,0.0,0.0,0.0,0.0,0.0,1.0,1.0,1.0,1.0,1.0,1.0,1.0,1.0,1.0,1.0,1.0,1.0,1.0,1.0,1.0,1.0,1.0,1.0,1.0,1.0,1.0,1.0,1.0,1.0,1.0,1.0,1.0,1.0,1.0,1.0,1.0,1.0,1.0,1.0,1.0,1.0,1.0,1.0,1.0,1.0,3.0,3.0,3.0,3.0,3.0,3.0,3.0,3.0,1.0,1.0,1.0,1.0,1.0,1.0,1.0,1.0,1.0,1.0,1.0,1.0,1.0,1.0,1.0,1.0,1.0,1.0,1.0,1.0,1.0,1.0,1.0,1.0,1.0,1.0,3.0,1.0,1.0,1.0,1.0,1.0,1.0,1.0,2.0,2.0,1.0,1.0,3.0,1.0,1.0,1.0,1.0,1.0,1.0,1.0,1.0,1.0,1.0,1.0,1.0,1.0,1.0,1.0,1.0,1.0,1.0,1.0,1.0,1.0,1.0,1.0,1.0,1.0,1.0,1.0,1.0,1.0,3.0,1.0,1.0,1.0,1.0,1.0,1.0,1.0,2.0,2.0,3.0,1.0,1.0,1.0,1.0,1.0,1.0,1.0,1.0,1.0,1.0,1.0,1.0,1.0,2.0,2.0,1.0,1.0,1.0,1.0,1.0,1.0,2.0,2.0,1.0,1.0,1.0,1.0,2.0,1.0,1.0,1.0,2.0,1.0,1.0,1.0,1.0,1.0,2.0,1.0,2.0,1.0
17,6.25,75.0,6.25,6.25,6.25,-4.634925662500001,240.95764,158.58462,154.93656000000001,152.83787999999998,240.78602,251.14292,103.30714,99.04958,102.69588000000002,78.77902133333333,66.85010709349983,72.81456421341659,185.06718888888886,122.7402801379202,202.15833661441224,257.74998284287943,162.94743587289304,215.68906296277692,193.11650516422225,0.3260843297654399,2.549186181054652,2.62232826090728,2.4758353809066143,2.6223282609072807,2.4758353809066147,2.6360867781287096,2.6360867781287096,2.532015981878669,2.532015981878669,2.5908442509305725,2.5908442509305725,2.5908442509305725,2.5908442509305725,2.6817637367821945,2.4815683296125455,2.681763736782195,2.481568329612546,2.656892377413131,2.656892377413131,2.4978442099986937,2.4978442099986937,2.554396378562458,2.554396378562458,2.5543963785624575,2.5543963785624575,2.601509188811948,2.6186062720191443,2.5934672207043605,2.5934672207043605,2.6364018120652624,2.6364018120652624,2.6699201403032635,2.6699201403032635,2.5545415270396368,2.5545415270396368,2.501852890501158,2.548029036120664,2.552818162418937,2.552818162418937,2.4940346213124225,2.4940346213124225,2.524353000256699,2.524353000256699,2.5946577503063866,2.5946577503063866,2.601509188811948,2.5018528905011577,2.5563962064144126,2.5563962064144126,2.5911164502972457,2.5911164502972457,2.47553571521075,2.47553571521075,2.5563962064144126,2.5563962064144126,2.618606272019144,2.548029036120664,2.582297339228192,2.603468829885428,2.6862526273461325,2.706611087305304,2.550378711346415,2.571812973621721,2.5822973392281923,2.6034688298854283,2.5934672207043605,2.5934672207043605,2.5545415270396363,2.5545415270396363,2.6364018120652624,2.6364018120652624,2.6699201403032635,2.6699201403032635,2.5528181624189377,2.5528181624189377,2.5946577503063866,2.5946577503063866,2.4940346213124225,2.4940346213124225,2.524353000256699,2.524353000256699,2.658615619288543,2.6172671971338732,2.6586156192885424,2.617267197133873,2.5162570396072415,2.469911272614666,2.5162570396072415,2.469911272614666,2.561288607093898,2.4412572601694396,2.7190329257721393,2.549186181054652,2.561288607093898,2.7190329257721397,2.44125726016944,2.549186181054652,0.0,0.0,0.0,0.0,0.0,0.0,0.0,0.0,0.0,0.0,0.0,0.0,1.0,1.0,1.0,1.0,1.0,1.0,1.0,1.0,1.0,1.0,1.0,1.0,1.0,1.0,1.0,1.0,1.0,1.0,1.0,1.0,1.0,1.0,1.0,1.0,1.0,1.0,1.0,1.0,1.0,1.0,1.0,1.0,1.0,1.0,1.0,1.0,1.0,1.0,1.0,1.0,1.0,1.0,4.0,4.0,4.0,4.0,4.0,4.0,4.0,4.0,4.0,4.0,1.0,1.0,1.0,1.0,1.0,1.0,1.0,1.0,1.0,1.0,1.0,1.0,1.0,1.0,1.0,1.0,2.0,2.0,2.0,2.0,1.0,1.0,1.0,1.0,1.0,1.0,1.0,1.0,3.0,3.0,1.0,1.0,1.0,1.0,1.0,1.0,2.0,2.0,1.0,1.0,1.0,1.0,1.0,1.0,1.0,1.0,1.0,1.0,2.0,2.0,1.0,1.0,1.0,1.0,1.0,1.0,1.0,4.0,2.0,2.0,1.0,1.0,1.0,1.0,3.0,3.0,1.0,4.0,1.0,1.0,1.0,1.0,1.0,1.0,1.0,1.0,1.0,1.0,1.0,1.0,3.0,3.0,1.0,1.0,1.0,1.0,1.0,1.0,1.0,1.0,3.0,3.0,1.0,1.0,1.0,1.0,2.0,2.0,3.0,3.0,1.0,1.0,1.0,1.0,1.0,1.0,1.0,1.0,1.0,1.0,1.0,1.0,1.0,1.0,1.0,1.0,1.0,1.0,1.0,1.0,3.0,1.0,3.0,1.0,1.0,1.0,1.0,1.0
18,6.25,75.0,6.25,6.25,6.25,-4.6190684937499995,233.89934,156.77306000000002,157.07580000000002,155.6576,243.57132000000001,238.81264000000002,92.16313,100.74424,100.4935,75.13196333333333,62.92876945779784,69.03036639556558,183.92180222222225,114.60615394313803,192.4853476142755,248.85387028309236,153.65385301598235,206.0613160538614,184.06327735794693,0.3332051310810579,2.5524492982633364,2.6472749225127714,2.5694163956248826,2.5831158775901812,2.5487367328946418,2.6199057658925446,2.6199057658925446,2.5528194078749404,2.5528194078749404,2.6635602345999234,2.6635602345999234,2.5621358496041715,2.5621358496041715,2.739733796492827,2.7740842361013485,2.531946953437313,2.5057453631005067,2.5804872336597597,2.5804872336597597,2.5669246808558683,2.5669246808558683,2.6459026981854414,2.6459026981854414,2.5036540530345426,2.5036540530345426,2.5589667258485407,2.6695328173719837,2.65294078320154,2.6734177562016006,2.565038734873803,2.58621178780915,2.701582428827594,2.7216934654273617,2.582773069262958,2.6038019178328446,2.492920205375247,2.645490515319418,2.69837960240975,2.69837960240975,2.4666512997777295,2.4666512997777295,2.5725893301005116,2.5725893301005116,2.569614731261089,2.569614731261089,2.526568333828317,2.4811648914078575,2.569371399229586,2.569371399229586,2.567475095378726,2.567475095378726,2.5184818742281556,2.5184818742281556,2.4748314321559355,2.4748314321559355,2.495818346207512,2.458085150414647,2.635438153382849,2.635438153382849,2.622572953583942,2.622572953583942,2.6119536366549463,2.6119536366549463,2.488582185389504,2.488582185389504,2.530607485826099,2.530607485826099,2.4837743507408234,2.4837743507408234,2.5833051694824984,2.5833051694824984,2.5751489505848006,2.5751489505848006,2.524654470752798,2.524654470752798,2.4817196672682433,2.4817196672682433,2.591163826054455,2.591163826054455,2.5698374426381525,2.5698374426381525,2.730455799409505,2.7108066571085443,2.5712369187940443,2.5164887276244436,2.6721169258155903,2.5634315545085262,2.5396911915631892,2.517561079833157,2.6048947463613574,2.4887351919203384,2.7458579354547825,2.600287212808808,2.4408204824732604,2.533843821018967,2.4405195019712425,2.5524492982633364,3.0,3.0,3.0,3.0,3.0,3.0,3.0,3.0,3.0,3.0,3.0,3.0,1.0,1.0,1.0,1.0,1.0,1.0,1.0,1.0,1.0,1.0,1.0,1.0,4.0,4.0,4.0,4.0,4.0,4.0,4.0,4.0,4.0,4.0,1.0,1.0,1.0,1.0,1.0,1.0,1.0,1.0,1.0,1.0,1.0,1.0,1.0,1.0,1.0,1.0,1.0,1.0,1.0,1.0,1.0,1.0,1.0,1.0,1.0,1.0,1.0,1.0,1.0,1.0,1.0,1.0,1.0,1.0,1.0,1.0,1.0,1.0,1.0,1.0,1.0,1.0,1.0,1.0,1.0,1.0,1.0,1.0,1.0,1.0,1.0,1.0,1.0,1.0,1.0,1.0,2.0,2.0,1.0,1.0,1.0,1.0,4.0,1.0,1.0,1.0,1.0,1.0,1.0,1.0,1.0,1.0,1.0,1.0,4.0,1.0,1.0,1.0,1.0,1.0,1.0,1.0,2.0,2.0,0.0,0.0,1.0,1.0,1.0,1.0,1.0,1.0,2.0,2.0,1.0,1.0,1.0,1.0,1.0,1.0,1.0,1.0,2.0,2.0,1.0,1.0,1.0,1.0,1.0,1.0,1.0,1.0,1.0,1.0,1.0,1.0,1.0,1.0,2.0,2.0,1.0,1.0,1.0,1.0,0.0,0.0,1.0,1.0,1.0,1.0,1.0,1.0,0.0,0.0,1.0,1.0,1.0,1.0,1.0,1.0,0.0,0.0,1.0,2.0,1.0,0.0,1.0,2.0,1.0,0.0,1.0,1.0,1.0,1.0,1.0,0.0,1.0,0.0
19,75.0,6.25,6.25,6.25,6.25,-3.7426204981250004,180.78204,145.51917,130.60881,131.76704999999998,181.13959,191.51215,81.55555000000001,77.58579,78.56125,57.243101333333335,39.43085020278102,48.33697576805718,152.1359822222222,64.3035446054302,131.7130269113267,202.4590467699556,94.76684009773878,146.61429535509697,131.12393336395664,0.35635226739410625,2.648593406895441,2.6140142430541573,2.6024105315904316,2.532920479907631,2.5262699964746753,2.6480452213534798,2.6480452213534798,2.6551673849787085,2.6551673849787085,2.633819566449076,2.6123571364976117,2.5517252488954223,2.5517252488954223,2.5713455873565496,2.5641598149963274,2.567128820375967,2.5548793244870502,2.6040372754707253,2.6040372754707253,2.608625095227369,2.608625095227369,2.592498461817287,2.592498461817287,2.5897022427619176,2.5897022427619176,2.706696168134318,2.63320108181525,2.6222661361797357,2.6222661361797357,2.6148690919451396,2.636311071935556,2.615927153578058,2.615927153578058,2.690755893269213,2.690755893269213,2.721669460193223,2.6569494413302257,2.6032221175908137,2.6032221175908137,2.64952903891927,2.628194899180133,2.6348935321054245,2.6348935321054245,2.7068846943209457,2.7068846943209457,2.5874678444713086,2.601664746798447,2.752952561047683,2.732426047193043,2.6125594445964286,2.6125594445964286,2.6159810919236306,2.6159810919236306,2.6225961926997075,2.6225961926997075,2.641906456569763,2.666639367852541,2.67797794770196,2.67797794770196,2.6422478150480133,2.6422478150480133,2.64586659470163,2.64586659470163,2.677735464533791,2.677735464533791,2.5780174035988015,2.5780174035988015,2.647270102217188,2.647270102217188,2.6210011523885295,2.6210011523885295,2.6192660397510217,2.6192660397510217,2.5664808914615564,2.5664808914615564,2.6625911489098355,2.6625911489098355,2.638108045907853,2.638108045907853,2.6368150886087935,2.6368150886087935,2.5965773324453485,2.553632391994588,2.556207904131275,2.5133495641365737,2.609701034562456,2.5656179563413177,2.5764592997421825,2.5366240577373707,2.6577253526895888,2.675637097014457,2.6859621381769325,2.7008148246234875,2.6073645289435463,2.636534652583956,2.628880661292534,2.648593406895441,0.0,0.0,0.0,0.0,0.0,0.0,0.0,0.0,0.0,0.0,0.0,0.0,0.0,0.0,0.0,0.0,0.0,0.0,0.0,0.0,0.0,0.0,0.0,0.0,0.0,0.0,0.0,0.0,0.0,0.0,0.0,0.0,0.0,0.0,0.0,0.0,0.0,0.0,0.0,0.0,0.0,0.0,0.0,0.0,3.0,3.0,3.0,3.0,3.0,3.0,3.0,3.0,3.0,3.0,2.0,2.0,2.0,2.0,2.0,2.0,2.0,2.0,2.0,2.0,0.0,0.0,0.0,0.0,0.0,0.0,0.0,0.0,0.0,0.0,0.0,0.0,0.0,0.0,0.0,0.0,0.0,0.0,0.0,0.0,0.0,0.0,0.0,0.0,4.0,4.0,0.0,0.0,1.0,1.0,0.0,0.0,0.0,0.0,0.0,0.0,0.0,0.0,0.0,0.0,4.0,4.0,0.0,0.0,0.0,0.0,0.0,0.0,0.0,0.0,0.0,0.0,0.0,0.0,0.0,0.0,3.0,2.0,0.0,0.0,4.0,4.0,0.0,0.0,1.0,1.0,3.0,2.0,0.0,0.0,4.0,4.0,0.0,0.0,0.0,0.0,0.0,0.0,4.0,4.0,1.0,1.0,0.0,0.0,0.0,0.0,0.0,0.0,0.0,0.0,1.0,1.0,0.0,0.0,0.0,0.0,0.0,0.0,1.0,1.0,0.0,0.0,0.0,0.0,0.0,0.0,0.0,0.0,0.0,0.0,0.0,0.0,4.0,0.0,0.0,0.0,4.0,0.0,0.0,0.0,1.0,0.0,1.0,0.0,0.0,0.0,0.0,0.0
20,75.0,6.25,6.25,6.25,6.25,-3.7437437950000003,193.67587,139.53512,123.13215,141.93721,178.67787,185.94507000000002,81.15578000000001,80.11089,59.406420000000004,54.38090666666667,39.05105137795756,46.71597902231211,151.94530777777777,66.08614050120057,128.17829960078058,186.62792751456126,94.98737211299301,141.0247307596346,127.1201322623969,0.3605637184835919,2.635099260625489,2.6139599693432567,2.5984094629903747,2.622531034683009,2.600363815679595,2.6277005640837388,2.6277005640837388,2.644271480433068,2.644271480433068,2.5824867546612897,2.603936853689236,2.612212160332968,2.612212160332968,2.561793546130523,2.5432359787453858,2.563395800631867,2.5419560301648043,2.5709081654296795,2.5709081654296795,2.5965456092526087,2.5965456092526087,2.599594841934027,2.599594841934027,2.601068715821566,2.601068715821566,2.622833163730587,2.5471335380982683,2.6159907358331758,2.6159907358331758,2.598161611253234,2.6194833571126197,2.5478946023519105,2.5478946023519105,2.6610752038458068,2.6610752038458068,2.7639070270739876,2.743255371411127,2.5768268905687086,2.5768268905687086,2.6794909993833174,2.6586505441250097,2.6150626273244395,2.6150626273244395,2.70940069308971,2.70940069308971,2.627279950659427,2.7832268725083718,2.6630431198358395,2.6838494663644976,2.576366825006486,2.576366825006486,2.7274131320313266,2.7274131320313266,2.6752596993656526,2.6752596993656526,2.5503649005177675,2.741250441906029,2.6796464959208706,2.6796464959208706,2.5130208746339537,2.5130208746339537,2.626758027979547,2.626758027979547,2.6750308584997673,2.6750308584997673,2.610777142207303,2.610777142207303,2.665039175260844,2.665039175260844,2.605021647668019,2.605021647668019,2.5482733325043845,2.5482733325043845,2.5687137866435825,2.5687137866435825,2.7015294548105526,2.7015294548105526,2.669205221788031,2.669205221788031,2.618656526969125,2.618656526969125,2.587041751040172,2.527173800939896,2.5885304117070036,2.5221293293910785,2.6411883685954645,2.5994608538935533,2.649585362669918,2.5975127641813915,2.653112570040141,2.7660839119119602,2.6126974359785713,2.6421099993683077,2.650889307728258,2.6092960543951316,2.740979988980345,2.635099260625489,1.0,1.0,1.0,1.0,1.0,1.0,1.0,1.0,1.0,1.0,1.0,1.0,0.0,0.0,0.0,0.0,0.0,0.0,0.0,0.0,0.0,0.0,0.0,0.0,0.0,0.0,0.0,0.0,0.0,0.0,0.0,0.0,0.0,0.0,0.0,0.0,0.0,0.0,0.0,0.0,0.0,0.0,0.0,0.0,0.0,0.0,0.0,0.0,0.0,0.0,0.0,0.0,0.0,0.0,0.0,0.0,0.0,0.0,0.0,0.0,0.0,0.0,0.0,0.0,0.0,0.0,0.0,0.0,0.0,0.0,0.0,0.0,0.0,0.0,0.0,0.0,0.0,0.0,0.0,0.0,0.0,0.0,0.0,0.0,0.0,0.0,0.0,0.0,4.0,4.0,0.0,0.0,0.0,0.0,2.0,2.0,0.0,0.0,0.0,0.0,0.0,0.0,0.0,0.0,4.0,4.0,3.0,3.0,0.0,0.0,0.0,0.0,0.0,0.0,0.0,0.0,0.0,0.0,0.0,0.0,0.0,0.0,0.0,0.0,4.0,4.0,0.0,0.0,0.0,0.0,0.0,0.0,0.0,0.0,4.0,4.0,0.0,0.0,2.0,2.0,0.0,0.0,4.0,4.0,0.0,0.0,2.0,2.0,3.0,3.0,0.0,0.0,0.0,0.0,0.0,0.0,2.0,2.0,0.0,0.0,0.0,0.0,0.0,0.0,3.0,3.0,0.0,0.0,0.0,0.0,2.0,2.0,3.0,3.0,0.0,0.0,4.0,0.0,3.0,0.0,4.0,0.0,3.0,0.0,0.0,2.0,0.0,2.0,3.0,0.0,3.0,0.0
21,75.0,6.25,6.25,6.25,6.25,-3.7345754906250006,180.45435,145.13771,133.35321,128.89785999999998,182.55492999999998,189.57173,78.83151000000001,72.55744,80.59586,56.07644400000001,39.25001078388364,47.663227391941824,151.92872999999997,64.5834561971371,130.56111673488232,197.9786206023354,94.61435302621723,144.91428111364542,129.45237435341514,0.3579900212055403,2.568881610588546,2.6805820698268126,2.6517236578740992,2.546700852828082,2.5458671877391157,2.6966030474289315,2.6966030474289315,2.6304865020494277,2.6304865020494277,2.6417361302866715,2.620419256924739,2.559617915045994,2.559617915045994,2.5677835874530004,2.5461158329569376,2.5409428216817944,2.5106093971994845,2.6513725969231485,2.6513725969231485,2.557734148109611,2.557734148109611,2.624473954456778,2.624473954456778,2.5430898606379437,2.5430898606379437,2.832574704748491,2.708641408479535,2.5974319973315954,2.5974319973315954,2.7868578321380153,2.766659335109583,2.628823961887711,2.628823961887711,2.7664266116405476,2.7664266116405476,2.652909692501046,2.543164334271185,2.6422248721011616,2.6422248721011616,2.600287223492065,2.6217677899951535,2.5250395615772043,2.5250395615772043,2.6656549904693216,2.6656549904693216,2.7343725108331527,2.5415608805692367,2.691275520456053,2.6703541388748424,2.714966329303183,2.714966329303183,2.595029943998102,2.595029943998102,2.6317587881395967,2.6317587881395967,2.719729832086452,2.5362261580486076,2.692388833779586,2.692388833779586,2.6726390874779558,2.6726390874779558,2.555841083495412,2.555841083495412,2.64333224255049,2.64333224255049,2.508701049896053,2.508701049896053,2.6362257045211437,2.6362257045211437,2.682063090655028,2.682063090655028,2.669302889124799,2.669302889124799,2.5858127059146025,2.5858127059146025,2.6087846360098412,2.6087846360098412,2.5992770864418655,2.5992770864418655,2.5867936407848617,2.5867936407848617,2.7332752439454393,2.645393188488433,2.614897847666459,2.5446826524926123,2.5743672947415863,2.5140699729840454,2.5393073921272453,2.4693487980478896,2.810015406036771,2.612358048041438,2.761220422080425,2.609748962227977,2.6420850017079314,2.6128958947566208,2.604016919081485,2.568881610588546,0.0,0.0,0.0,0.0,0.0,0.0,0.0,0.0,0.0,0.0,0.0,0.0,1.0,1.0,1.0,1.0,1.0,1.0,1.0,1.0,1.0,1.0,1.0,1.0,3.0,3.0,3.0,3.0,3.0,3.0,3.0,3.0,3.0,3.0,0.0,0.0,0.0,0.0,0.0,0.0,0.0,0.0,0.0,0.0,0.0,0.0,0.0,0.0,0.0,0.0,0.0,0.0,0.0,0.0,0.0,0.0,0.0,0.0,0.0,0.0,0.0,0.0,0.0,0.0,0.0,0.0,0.0,0.0,0.0,0.0,0.0,0.0,0.0,0.0,0.0,0.0,0.0,0.0,0.0,0.0,0.0,0.0,0.0,0.0,0.0,0.0,0.0,0.0,4.0,4.0,0.0,0.0,2.0,2.0,0.0,0.0,3.0,0.0,0.0,0.0,0.0,0.0,0.0,0.0,4.0,4.0,0.0,0.0,3.0,0.0,0.0,0.0,0.0,0.0,0.0,0.0,0.0,0.0,0.0,0.0,0.0,0.0,0.0,0.0,4.0,4.0,0.0,0.0,2.0,2.0,0.0,0.0,0.0,0.0,4.0,4.0,0.0,0.0,0.0,0.0,0.0,0.0,4.0,4.0,2.0,2.0,0.0,0.0,0.0,0.0,0.0,0.0,0.0,0.0,2.0,2.0,0.0,0.0,0.0,0.0,0.0,0.0,2.0,2.0,0.0,0.0,0.0,0.0,0.0,0.0,0.0,0.0,0.0,0.0,0.0,0.0,4.0,0.0,0.0,0.0,4.0,0.0,0.0,0.0,2.0,0.0,2.0,0.0,0.0,0.0,0.0,0.0
22,6.25,6.25,75.0,6.25,6.25,-3.386038031875,169.3233,141.67054000000002,138.75276,135.45227,170.05617,172.00723,42.02339,28.96035,34.49042,27.462240666666663,23.214900875778305,25.338570771222486,149.2375377777778,45.27378747320471,74.8665644460878,95.72262249357104,60.22621055248757,79.93204509252386,71.94399751639718,0.4196538187959951,2.8079385378446235,2.9313388427437044,3.0192181397214863,2.932780327726151,2.9872014203544706,2.852884733784385,2.852884733784385,2.9169396562796144,2.9169396562796144,2.8980596849592315,2.8980596849592315,2.869794751869602,2.869794751869602,2.8741095881202927,2.9595217442514254,2.841384685447581,2.9146353938261482,2.8306823170227,2.8306823170227,2.9001644708412657,2.9001644708412657,2.9494459983835943,2.9494459983835943,2.914672236607699,2.914672236607699,2.8759447753635676,2.8525816295647,2.9243479447839307,2.9243479447839307,2.890803284037155,2.890803284037155,2.8287026050488238,2.8287026050488238,2.8554717325723957,2.8554717325723957,2.915411564092678,2.7982014662611414,2.921490460611672,2.921490460611672,2.923772929499911,2.923772929499911,2.858121278362064,2.858121278362064,2.8336620105848893,2.8122147838015503,2.844230260694095,2.890963876153113,2.8674294013392903,2.8674294013392903,2.891102892372563,2.891102892372563,2.960869959581878,2.940350747369163,2.8351872439540915,2.8351872439540915,2.8006611382416473,2.784456497524966,2.8155478430671352,2.8155478430671352,2.8460023894427775,2.8460023894427775,2.8030292487496453,2.8245462236164585,2.7945661800739305,2.7945661800739305,2.8897892360872257,2.8897892360872257,2.8022700756181584,2.8022700756181584,2.8797856247130618,2.8797856247130618,2.793353159882939,2.793353159882939,2.9122572315625432,2.9122572315625432,2.8046733349901913,2.826177792709616,2.951105700371255,2.951105700371255,2.8783653955802766,2.8783653955802766,2.925369764579172,2.9516256026007097,2.8502283410741662,2.879693287166755,2.929586546008814,2.9595381701740218,2.951936513435583,2.980754567934762,2.920306523397844,2.9409360144031647,2.7838159231518884,2.803028321916494,2.8563898289696033,2.7246561801462215,2.9546577888960126,2.8079385378446235,2.0,2.0,2.0,2.0,2.0,2.0,2.0,2.0,2.0,2.0,2.0,2.0,2.0,2.0,2.0,2.0,2.0,2.0,2.0,2.0,2.0,2.0,2.0,2.0,3.0,3.0,3.0,3.0,3.0,3.0,3.0,3.0,3.0,3.0,2.0,2.0,2.0,2.0,2.0,2.0,2.0,2.0,2.0,2.0,2.0,2.0,2.0,2.0,2.0,2.0,2.0,2.0,2.0,2.0,1.0,1.0,1.0,1.0,1.0,1.0,1.0,1.0,1.0,1.0,0.0,0.0,0.0,0.0,0.0,0.0,0.0,0.0,2.0,2.0,2.0,2.0,2.0,2.0,2.0,2.0,2.0,2.0,2.0,2.0,2.0,2.0,2.0,2.0,2.0,2.0,2.0,2.0,2.0,2.0,4.0,4.0,3.0,2.0,0.0,2.0,2.0,2.0,2.0,2.0,2.0,2.0,2.0,2.0,3.0,2.0,0.0,2.0,2.0,2.0,2.0,2.0,2.0,2.0,2.0,2.0,2.0,1.0,2.0,2.0,2.0,2.0,2.0,2.0,2.0,2.0,2.0,1.0,2.0,2.0,2.0,2.0,2.0,2.0,4.0,4.0,0.0,2.0,2.0,2.0,2.0,2.0,4.0,4.0,2.0,2.0,0.0,2.0,2.0,2.0,2.0,2.0,4.0,4.0,2.0,2.0,2.0,2.0,2.0,2.0,2.0,2.0,2.0,2.0,2.0,2.0,4.0,4.0,2.0,2.0,2.0,2.0,2.0,2.0,2.0,2.0,2.0,2.0,2.0,2.0,2.0,4.0,2.0,4.0,2.0,2.0,2.0,2.0
23,6.25,6.25,75.0,6.25,6.25,-3.38623292125,171.24382,138.57363,133.90669,137.04411,166.50167,175.19901,40.01415,28.452280000000002,31.93296,26.974549333333336,23.781401360030735,25.377975346682035,147.99926222222223,48.6616662298814,75.06497114366567,91.63910769307388,62.461000198236526,79.23307639084982,72.01755477749366,0.4188987457368102,2.807709937037834,3.027549286570245,2.988976415860295,2.9955328722448997,2.957517786951959,2.894063653262831,2.894063653262831,2.879505851250699,2.879505851250699,2.8950758998585857,2.8950758998585857,2.9506400613241017,2.9506400613241017,2.7944775118109284,2.768915504498106,2.956921015055735,2.930372559433089,2.8384549582848764,2.8384549582848764,2.832892270048581,2.832892270048581,2.8651360060391546,2.8651360060391546,2.9690093259890786,2.9690093259890786,2.8949136278992853,2.659337631035405,2.9147832513566083,2.9147832513566083,2.9740124477368957,2.9740124477368957,2.7752081258033607,2.7752081258033607,2.7913436426764084,2.7913436426764084,2.9196227231346636,2.6851508459652695,2.871352196242913,2.8925682766131904,2.961162022021201,2.981739143630893,2.722837065084872,2.7452011735025907,2.7847991458501995,2.806669571347508,2.8659662717931624,2.8914985654728427,2.8384793756124074,2.8384793756124074,2.9510758541808104,2.9510758541808104,2.9760905824508956,2.9760905824508956,2.9018591192856,2.9018591192856,2.831662021799212,2.857759878092629,2.8477635957986402,2.8477635957986402,2.7698158327775153,2.7698158327775153,2.7548056723660204,2.7548056723660204,2.90481074757737,2.90481074757737,3.0047582148068868,3.0047582148068868,2.882224099723164,2.882224099723164,2.875861039923348,2.875861039923348,2.827726324738835,2.827726324738835,2.993977100716506,2.993977100716506,2.921828764218738,2.921828764218738,2.891652434462282,2.891652434462282,2.849842956507779,2.849842956507779,2.8814892753284718,2.832908775049772,2.964068655966726,2.9213908510114415,2.870776629043897,2.7767627408702023,2.99277660635236,2.953141471873384,2.89828873768505,2.900993557033406,2.7532435418039216,2.6752902633875073,2.9775290760914492,2.787581337416722,3.0307900735077378,2.807709937037834,2.0,2.0,2.0,2.0,2.0,2.0,2.0,2.0,2.0,2.0,2.0,2.0,2.0,2.0,2.0,2.0,2.0,2.0,2.0,2.0,2.0,2.0,2.0,2.0,2.0,2.0,2.0,2.0,2.0,2.0,2.0,2.0,2.0,2.0,4.0,4.0,4.0,4.0,4.0,4.0,4.0,4.0,4.0,4.0,2.0,2.0,2.0,2.0,2.0,2.0,2.0,2.0,2.0,2.0,0.0,0.0,0.0,0.0,0.0,0.0,0.0,0.0,0.0,0.0,2.0,2.0,2.0,2.0,2.0,2.0,2.0,2.0,2.0,2.0,2.0,2.0,2.0,2.0,2.0,2.0,2.0,2.0,2.0,2.0,2.0,2.0,2.0,2.0,2.0,2.0,1.0,1.0,3.0,3.0,2.0,2.0,2.0,4.0,2.0,2.0,2.0,2.0,2.0,2.0,2.0,2.0,2.0,2.0,2.0,4.0,2.0,2.0,2.0,2.0,2.0,2.0,1.0,1.0,2.0,2.0,2.0,0.0,2.0,2.0,2.0,2.0,1.0,1.0,3.0,3.0,2.0,0.0,2.0,2.0,2.0,2.0,1.0,1.0,2.0,2.0,2.0,2.0,2.0,2.0,3.0,3.0,2.0,2.0,2.0,2.0,2.0,2.0,1.0,1.0,3.0,3.0,2.0,2.0,2.0,2.0,2.0,2.0,3.0,3.0,2.0,2.0,2.0,2.0,2.0,2.0,2.0,2.0,2.0,2.0,2.0,2.0,2.0,1.0,2.0,2.0,2.0,1.0,2.0,2.0,3.0,2.0,3.0,2.0,2.0,2.0,2.0,2.0
24,6.25,6.25,75.0,6.25,6.25,-3.387048991875,169.90055999999998,133.90073999999998,142.45229,144.32873999999998,169.38257000000002,164.56517,29.72813,38.24008,33.9255,25.923177333333335,20.233209558071515,23.078193445702425,149.46798222222222,36.96495952513768,67.75190506544604,93.79020280292434,51.72910323015694,73.70338010282832,65.84567352131361,0.42657772750352063,2.931591484195913,2.9100333343527187,2.931168229327475,2.908957095775299,2.931364328889356,2.905330822752721,2.905330822752721,2.881769333887518,2.881769333887518,2.869738048437174,2.869738048437174,2.8722531061275065,2.892891858618139,2.9076986369801117,2.9459202311875314,2.9194648042891207,2.9350290499124143,2.8318597612531944,2.8318597612531944,2.818544731366171,2.818544731366171,2.8351715085715714,2.8351715085715714,2.838441114705948,2.838441114705948,2.9778010312944017,2.9932134408793836,2.8479016860799464,2.8479016860799464,2.8795323269315802,2.8795323269315802,2.8838181985735507,2.8838181985735507,2.8681944251805875,2.8681944251805875,2.8067292719962804,2.8194334116919664,2.892350093721021,2.892350093721021,2.8306249012831173,2.8306249012831173,2.8446169708626856,2.8446169708626856,2.8392876629957735,2.8392876629957735,2.9816627857586444,2.8334148694890113,2.8444396101569813,2.8444396101569813,2.90307778111042,2.90307778111042,2.7721038369391726,2.7721038369391726,2.8534472717667305,2.83252112662077,2.9946267571477083,2.8196421506561786,2.882511019510767,2.882511019510767,2.9436043242623486,2.9436043242623486,2.8210846446367044,2.8210846446367044,2.884331069021897,2.884331069021897,2.850391445793891,2.850391445793891,2.873276610539438,2.873276610539438,2.8965394866524776,2.875926911056155,2.8833088747253566,2.8833088747253566,2.8920166549509574,2.8920166549509574,2.8169505784937012,2.8169505784937012,2.817380815678322,2.838418584450195,2.8410371135805317,2.8410371135805317,2.979511560279134,2.8798930265072347,3.001644378274454,2.8731815824571925,2.9308296581002113,2.8325774274282427,2.9402942499290172,2.843387436340868,2.9046289278021384,2.8695260947543537,2.969795612121649,2.955756003934019,2.9108792364699703,2.9745581519413937,2.816542005965417,2.931591484195913,2.0,2.0,2.0,2.0,2.0,2.0,2.0,2.0,2.0,2.0,2.0,2.0,0.0,0.0,0.0,0.0,0.0,0.0,0.0,0.0,0.0,0.0,0.0,0.0,2.0,2.0,2.0,2.0,2.0,2.0,2.0,2.0,2.0,2.0,2.0,2.0,2.0,2.0,2.0,2.0,2.0,2.0,2.0,2.0,2.0,2.0,2.0,2.0,2.0,2.0,2.0,2.0,2.0,2.0,2.0,2.0,2.0,2.0,2.0,2.0,2.0,2.0,2.0,2.0,2.0,2.0,2.0,2.0,2.0,2.0,2.0,2.0,2.0,2.0,2.0,2.0,2.0,2.0,2.0,2.0,2.0,2.0,2.0,2.0,2.0,2.0,2.0,2.0,3.0,3.0,2.0,2.0,2.0,2.0,1.0,1.0,2.0,2.0,2.0,2.0,2.0,2.0,2.0,2.0,3.0,3.0,4.0,4.0,2.0,2.0,2.0,2.0,2.0,2.0,2.0,2.0,2.0,2.0,2.0,2.0,2.0,2.0,2.0,2.0,3.0,3.0,2.0,2.0,2.0,2.0,2.0,2.0,2.0,2.0,3.0,3.0,2.0,2.0,1.0,1.0,2.0,2.0,3.0,3.0,2.0,2.0,1.0,1.0,4.0,4.0,2.0,2.0,2.0,2.0,2.0,2.0,1.0,1.0,2.0,2.0,2.0,2.0,2.0,2.0,4.0,4.0,2.0,2.0,2.0,2.0,1.0,1.0,4.0,4.0,2.0,2.0,3.0,2.0,4.0,2.0,3.0,2.0,4.0,2.0,2.0,1.0,2.0,1.0,4.0,2.0,4.0,2.0
25,6.25,6.25,6.25,75.0,6.25,-3.8952449906250006,202.65146,148.81133,150.31964,152.13269,201.02772,201.92945,68.9982,72.41069999999999,72.53097,53.07763866666666,41.673041656393664,47.37534016153016,167.5706611111111,73.28707387509152,134.84155643555002,187.27206118265877,102.7471566172262,146.79534078747776,129.8856574028098,0.3708150375274757,2.8150093243108447,2.7981617229005904,2.7618938437780707,2.736064513817143,2.6990849695369885,2.747515211753704,2.747515211753704,2.7180180579114785,2.7180180579114785,2.77777157343814,2.77777157343814,2.7821529540374663,2.7821529540374663,2.7796415849315896,2.731428649928458,2.89979710943782,2.846004986518309,2.823291637775488,2.823291637775488,2.773006695367864,2.773006695367864,2.742412890674743,2.742412890674743,2.801876295879274,2.801876295879274,2.7856417466504912,2.7747095455548134,2.782052639498038,2.782052639498038,2.789663098070984,2.789663098070984,2.805292968281566,2.805292968281566,2.783123292259076,2.7620190368487685,2.758222268341181,2.7427375879569666,2.758345373325284,2.758345373325284,2.725502424650216,2.725502424650216,2.740281252067568,2.740281252067568,2.759646056303779,2.759646056303779,2.738750949550908,2.701858585877778,2.7761425682203353,2.7761425682203353,2.7533734710098807,2.732039416051862,2.72065360229792,2.72065360229792,2.7572799840921127,2.7572799840921127,2.871439327416305,2.856984849911704,2.743127490828124,2.743127490828124,2.8308405335380513,2.8100946650107717,2.777611385751614,2.777611385751614,2.8063963832377636,2.8063963832377636,2.771955078464451,2.771955078464451,2.7566939735681584,2.777838685724389,2.710712094531066,2.710712094531066,2.830348905043864,2.830348905043864,2.7870572078279885,2.7870572078279885,2.7890789944119545,2.7890789944119545,2.704211082511801,2.704211082511801,2.8172981226034635,2.8172981226034635,2.7815170094941,2.8555928613221457,2.7595446914853223,2.808666653555933,2.7008789564713718,2.7654811436015976,2.7759973376897156,2.814981621826157,2.7780881688441785,2.7069838310680185,2.8493279807689746,2.7607872396474162,2.7222990084401095,2.8344960269282438,2.752620397551182,2.8150093243108447,3.0,3.0,3.0,3.0,3.0,3.0,3.0,3.0,3.0,3.0,3.0,3.0,3.0,3.0,3.0,3.0,3.0,3.0,3.0,3.0,3.0,3.0,3.0,3.0,3.0,3.0,3.0,3.0,3.0,3.0,3.0,3.0,3.0,3.0,0.0,0.0,0.0,0.0,0.0,0.0,0.0,0.0,0.0,0.0,3.0,3.0,3.0,3.0,3.0,3.0,3.0,3.0,3.0,3.0,3.0,3.0,3.0,3.0,3.0,3.0,3.0,3.0,3.0,3.0,3.0,3.0,3.0,3.0,3.0,3.0,3.0,3.0,3.0,3.0,3.0,3.0,3.0,3.0,3.0,3.0,3.0,3.0,3.0,3.0,3.0,3.0,3.0,3.0,3.0,3.0,3.0,3.0,4.0,4.0,3.0,3.0,3.0,0.0,3.0,3.0,3.0,3.0,3.0,3.0,3.0,3.0,1.0,1.0,3.0,0.0,3.0,3.0,3.0,3.0,3.0,3.0,3.0,3.0,2.0,2.0,3.0,3.0,3.0,3.0,3.0,3.0,3.0,3.0,4.0,4.0,3.0,3.0,3.0,3.0,3.0,3.0,3.0,3.0,3.0,3.0,3.0,3.0,3.0,3.0,4.0,4.0,3.0,3.0,1.0,1.0,3.0,3.0,3.0,3.0,4.0,4.0,3.0,3.0,2.0,2.0,3.0,3.0,4.0,4.0,1.0,1.0,2.0,2.0,3.0,3.0,3.0,3.0,1.0,1.0,2.0,2.0,3.0,3.0,1.0,2.0,3.0,3.0,1.0,2.0,4.0,3.0,4.0,3.0,1.0,2.0,1.0,2.0
26,6.25,6.25,6.25,75.0,6.25,-3.897369405,202.94794,150.54119,147.38537,152.89173,201.1443,203.40295,70.87841,74.93625,71.14202,53.83646266666667,42.19230814927383,48.01438540797025,167.68130777777776,74.10020011168326,136.42611017871576,189.5775271906706,103.91939984683748,148.5390856124948,131.4924995899281,0.3693031627152796,2.9177496321091354,2.7022082376086414,2.8629553617679426,2.6663386639888786,2.818883403110134,2.683014103406279,2.683014103406279,2.8441257153392803,2.8441257153392803,2.784331634146694,2.784331634146694,2.7330520743136235,2.7330520743136235,2.6974997268783922,2.8687195485491435,2.6730629677860187,2.8166794143290423,2.6814226159510928,2.6814226159510928,2.843295121135863,2.843295121135863,2.7806814184149182,2.7806814184149182,2.7290495235275594,2.7290495235275594,2.774673085471512,2.7753324556040124,2.7549600342460505,2.7549600342460505,2.7420987801569074,2.7420987801569074,2.7408104552312627,2.7408104552312627,2.8047324873925144,2.8047324873925144,2.837983739682462,2.8393731708956476,2.760476950687145,2.760476950687145,2.7810695909338286,2.7810695909338286,2.782254493706498,2.782254493706498,2.787614716038606,2.787614716038606,2.7123914403466918,2.8236575318050186,2.804093340073757,2.8249447711142954,2.712254324932491,2.733806325092361,2.7817626566222384,2.8027802228819176,2.779402766372301,2.8004380438992036,2.740062352944728,2.7987787101736004,2.8199586521227578,2.8199586521227578,2.729946183590072,2.729946183590072,2.8019660289998165,2.8019660289998165,2.793225913210387,2.793225913210387,2.7836531014972032,2.7836531014972032,2.775801518994649,2.775801518994649,2.6640856336908545,2.6640856336908545,2.673407218400332,2.673407218400332,2.769039198894447,2.769039198894447,2.802026583104807,2.802026583104807,2.8597343434433786,2.8597343434433786,2.8556931833309758,2.8556931833309758,2.727975515964357,2.726109937082509,2.6630169396669263,2.659865189550027,2.7719488400645513,2.76279044237253,2.8544362656268807,2.8478236330624482,2.7775950038997768,2.8036360714024235,2.7879950173990626,2.818302288918809,2.70719579292688,2.6989680158390166,2.884519358068573,2.9177496321091354,3.0,3.0,3.0,3.0,3.0,3.0,3.0,3.0,3.0,3.0,3.0,3.0,3.0,3.0,3.0,3.0,3.0,3.0,3.0,3.0,3.0,3.0,3.0,3.0,3.0,3.0,3.0,3.0,3.0,3.0,3.0,3.0,3.0,3.0,3.0,3.0,3.0,3.0,3.0,3.0,3.0,3.0,3.0,3.0,4.0,4.0,4.0,4.0,4.0,4.0,4.0,4.0,4.0,4.0,3.0,3.0,3.0,3.0,3.0,3.0,3.0,3.0,3.0,3.0,1.0,1.0,1.0,1.0,1.0,1.0,1.0,1.0,2.0,2.0,2.0,2.0,2.0,2.0,2.0,2.0,0.0,0.0,0.0,0.0,3.0,3.0,3.0,3.0,3.0,3.0,3.0,3.0,3.0,3.0,3.0,3.0,3.0,3.0,1.0,2.0,0.0,0.0,3.0,3.0,3.0,3.0,3.0,3.0,3.0,3.0,1.0,2.0,0.0,0.0,3.0,3.0,3.0,3.0,3.0,3.0,4.0,3.0,0.0,0.0,3.0,3.0,3.0,3.0,3.0,3.0,4.0,3.0,3.0,3.0,3.0,3.0,3.0,3.0,3.0,3.0,1.0,2.0,3.0,3.0,3.0,3.0,3.0,3.0,3.0,3.0,1.0,2.0,3.0,3.0,3.0,3.0,3.0,3.0,3.0,3.0,0.0,0.0,3.0,3.0,3.0,3.0,3.0,3.0,3.0,3.0,3.0,3.0,3.0,3.0,3.0,3.0,3.0,3.0,3.0,3.0,3.0,3.0,3.0,3.0,3.0,3.0,3.0,3.0,3.0,3.0,3.0,3.0
27,6.25,6.25,6.25,75.0,6.25,-3.9007812443750005,205.68042999999997,146.55564999999999,152.72629,149.7903,204.09314,201.18696,71.03096000000001,74.33296,75.68768,55.00287266666666,43.32702699009708,49.16494982838187,167.67833444444443,76.30265020557972,139.49402138341057,192.6861552795665,106.64711853386073,151.6722806691735,134.36269177060439,0.36644796994219336,2.7334769632400415,2.8230199147552963,2.7976991583823465,2.7625292289110956,2.7369433869483277,2.77262768892255,2.77262768892255,2.7540749036502783,2.7540749036502783,2.8347972670152273,2.8347972670152273,2.7734986707547007,2.7734986707547007,2.8569451534856247,2.8325018282800802,2.799006932785422,2.775537359257414,2.7911542835411303,2.7911542835411303,2.773516107524166,2.773516107524166,2.807225248764338,2.807225248764338,2.751097751860318,2.751097751860318,2.743396444247167,2.8073819942795457,2.803255238829493,2.803255238829493,2.7449536958440666,2.7449536958440666,2.776820038326755,2.776820038326755,2.766126011541231,2.744863914973746,2.7896160463881565,2.797966721920759,2.8344068383409606,2.8344068383409606,2.7641880141037243,2.7641880141037243,2.805392754927908,2.805392754927908,2.793082840360629,2.793082840360629,2.685954209512329,2.736925176854217,2.7571421380182777,2.7571421380182777,2.7017903611059464,2.7233887631708034,2.7575549720173647,2.7575549720173647,2.703099992558174,2.703099992558174,2.7558019892648313,2.7406219229154902,2.7827004317364095,2.7827004317364095,2.832802386305829,2.812044480419896,2.7998097550478316,2.7998097550478316,2.7261735239380855,2.7261735239380855,2.777733462415855,2.777733462415855,2.719706196820532,2.741163438582968,2.7779402139975944,2.7779402139975944,2.816827035193499,2.816827035193499,2.7339141166242977,2.7339141166242977,2.706633497081568,2.706633497081568,2.731945930046875,2.731945930046875,2.7649322786440904,2.7649322786440904,2.808574710399031,2.7967611615327472,2.815185112100221,2.8136563624211144,2.8657791163283486,2.8626726305136603,2.732115124295003,2.7239931744552695,2.7025049919378503,2.758225622892023,2.8054365029011086,2.858218945456943,2.7123635623022593,2.8174026102289673,2.636766341848835,2.7334769632400415,3.0,3.0,3.0,3.0,3.0,3.0,3.0,3.0,3.0,3.0,3.0,3.0,3.0,3.0,3.0,3.0,3.0,3.0,3.0,3.0,3.0,3.0,3.0,3.0,3.0,3.0,3.0,3.0,3.0,3.0,3.0,3.0,3.0,3.0,2.0,2.0,2.0,2.0,2.0,2.0,2.0,2.0,2.0,2.0,1.0,1.0,1.0,1.0,1.0,1.0,1.0,1.0,1.0,1.0,3.0,3.0,3.0,3.0,3.0,3.0,3.0,3.0,3.0,3.0,3.0,3.0,3.0,3.0,3.0,3.0,3.0,3.0,0.0,0.0,0.0,0.0,0.0,0.0,0.0,0.0,3.0,3.0,3.0,3.0,3.0,3.0,3.0,3.0,3.0,3.0,3.0,3.0,4.0,4.0,3.0,3.0,3.0,2.0,3.0,0.0,3.0,3.0,3.0,3.0,3.0,3.0,3.0,3.0,3.0,2.0,3.0,0.0,3.0,3.0,3.0,3.0,3.0,3.0,3.0,3.0,1.0,3.0,3.0,3.0,3.0,3.0,3.0,3.0,4.0,4.0,1.0,3.0,3.0,3.0,3.0,3.0,3.0,3.0,3.0,3.0,3.0,0.0,3.0,3.0,4.0,4.0,3.0,3.0,3.0,3.0,3.0,0.0,3.0,3.0,4.0,4.0,3.0,3.0,3.0,3.0,3.0,3.0,4.0,4.0,3.0,3.0,3.0,3.0,3.0,3.0,3.0,3.0,3.0,3.0,3.0,3.0,3.0,3.0,3.0,3.0,3.0,3.0,3.0,3.0,4.0,3.0,4.0,3.0,3.0,3.0,3.0,3.0
28,6.25,6.25,6.25,6.25,75.0,-5.12249469125,281.14885,194.23995,199.08453,197.58241,285.63248,277.57456,73.87242,76.24546000000001,71.29742,61.179660000000005,56.688095550040806,58.933877775020406,225.12996333333334,118.84680748307578,170.54476481812154,199.4672968937634,146.79664943296768,178.0540493651946,162.61224397658046,0.3796160215127144,2.7325036480656344,2.7433436327797143,2.8125574339340873,2.708324991354482,2.7744524966012074,2.7790702801883223,2.7790702801883223,2.8052132357494,2.8052132357494,2.7547561034721384,2.7547561034721384,2.7236278559861105,2.7236278559861105,2.740890470623918,2.7852346156920067,2.6961164829714486,2.7245024084176204,2.7704059559689083,2.7704059559689083,2.7812887941963162,2.7812887941963162,2.789115560853297,2.789115560853297,2.759153610556849,2.7376289461227024,2.8741955317230947,2.847386506963886,2.7414781804320456,2.7414781804320456,2.7812474047178903,2.7812474047178903,2.7611761118163036,2.7611761118163036,2.8405181335920036,2.8405181335920036,2.818722802605616,2.8057373518617172,2.8113420140681926,2.8113420140681926,2.8064020920855257,2.8064020920855257,2.7877148118078723,2.7877148118078723,2.8358903223793757,2.8358903223793757,2.8216215208750093,2.7877062119411544,2.860812850850786,2.860812850850786,2.7980140973426133,2.7980140973426133,2.7943992551306938,2.7943992551306938,2.8063035951179622,2.8063035951179622,2.801220598459536,2.7578309736981703,2.8291349833977524,2.8291349833977524,2.7797240567878316,2.7797240567878316,2.7639009584290464,2.7639009584290464,2.766674378394573,2.7879748054932274,2.731438231251634,2.731438231251634,2.8315158206757385,2.8315158206757385,2.8046695148129306,2.8046695148129306,2.7944719803528177,2.7732214568939493,2.7285388947067357,2.7285388947067357,2.768665813319116,2.768665813319116,2.7895355948400478,2.7895355948400478,2.747612192981025,2.769059255960045,2.7354077374572516,2.7427446650773017,2.752751932812199,2.759564141842262,2.7868149995871163,2.8065890574075856,2.6947130470333045,2.7135927510647093,2.828514324520383,2.9000430413378586,2.7858106244412952,2.833582466004828,2.840915518156075,2.7929933474041784,2.793321710079112,2.7325036480656344,4.0,4.0,4.0,4.0,4.0,4.0,4.0,4.0,4.0,4.0,4.0,4.0,4.0,4.0,4.0,4.0,4.0,4.0,4.0,4.0,4.0,4.0,4.0,4.0,4.0,4.0,4.0,4.0,4.0,4.0,4.0,4.0,4.0,4.0,4.0,4.0,4.0,4.0,4.0,4.0,4.0,4.0,4.0,4.0,2.0,2.0,2.0,2.0,2.0,2.0,2.0,2.0,2.0,2.0,4.0,4.0,4.0,4.0,4.0,4.0,4.0,4.0,4.0,4.0,4.0,4.0,4.0,4.0,4.0,4.0,4.0,4.0,1.0,1.0,1.0,1.0,1.0,1.0,1.0,1.0,0.0,0.0,0.0,0.0,4.0,4.0,4.0,4.0,4.0,4.0,4.0,4.0,3.0,3.0,4.0,4.0,4.0,4.0,4.0,1.0,0.0,0.0,4.0,4.0,4.0,4.0,4.0,4.0,4.0,4.0,4.0,1.0,0.0,0.0,4.0,4.0,4.0,4.0,4.0,4.0,2.0,4.0,0.0,0.0,4.0,4.0,4.0,4.0,3.0,3.0,2.0,4.0,4.0,4.0,4.0,4.0,4.0,4.0,4.0,4.0,4.0,1.0,4.0,4.0,3.0,3.0,4.0,4.0,4.0,4.0,4.0,1.0,4.0,4.0,3.0,3.0,4.0,4.0,4.0,4.0,0.0,0.0,3.0,3.0,4.0,4.0,4.0,4.0,4.0,4.0,4.0,4.0,4.0,4.0,4.0,4.0,4.0,4.0,4.0,4.0,4.0,4.0,4.0,4.0,3.0,4.0,3.0,4.0,4.0,4.0,4.0,4.0
29,6.25,6.25,6.25,6.25,75.0,-5.12006826875,280.73386999999997,193.58347,195.00574999999998,202.22501,284.16611,282.74968,75.42767,78.38454,73.54769,62.594342,57.81953021812679,60.20693610906339,225.47534666666667,120.42886853423354,174.01428344270278,204.31844819825372,149.3070826384539,181.8596489666048,165.85819815412555,0.37740108426774527,2.6586152673649486,2.808959095663018,2.831651501041312,2.874367874523911,2.926546382225541,2.8125068046769237,2.8125068046769237,2.8054382823906985,2.8054382823906985,2.7879827100118466,2.7879827100118466,2.834102480294929,2.834102480294929,2.787213758520326,2.7908855829105566,2.7743009974733073,2.7787445825590353,2.7789158833762855,2.7789158833762855,2.7532655310218446,2.7532655310218446,2.845192109823518,2.845192109823518,2.854659937635793,2.854659937635793,2.803795558825215,2.731435773553901,2.802162572648846,2.802162572648846,2.844072026943938,2.844072026943938,2.7941622742297914,2.7941622742297914,2.748839856494008,2.748839856494008,2.6980434365392854,2.6577382678181465,2.838132759861138,2.838132759861138,2.7926625785356767,2.7926625785356767,2.720455856304233,2.720455856304233,2.7145171103870394,2.7145171103870394,2.854982282471119,2.7334590208380467,2.73849832228267,2.73849832228267,2.8697344628550567,2.8697344628550567,2.780595359757078,2.780595359757078,2.781024354028745,2.781024354028745,2.7327583868717698,2.6473218300752555,2.718166868796873,2.718166868796873,2.7658267285894826,2.7658267285894826,2.734982337466368,2.734982337466368,2.725494121177479,2.725494121177479,2.8210429055196995,2.8210429055196995,2.7689052997735404,2.7689052997735404,2.8631399058308347,2.8631399058308347,2.771353193518466,2.771353193518466,2.8482103788532385,2.868959874624828,2.7215528959007944,2.743260571871728,2.7989693065543957,2.8200811298672943,2.698273887469543,2.7201673426096415,2.8451620384247014,2.840423447558656,2.862610047138064,2.859146223204478,2.7995331895977396,2.7755631865344017,2.7866429253818374,2.8069712707523236,2.807228204194486,2.735213364704007,2.7020474151925975,2.633945469635239,2.8365904937591893,2.705011894700095,2.7768153492080265,2.6586152673649486,4.0,4.0,4.0,4.0,4.0,4.0,4.0,4.0,4.0,4.0,4.0,4.0,4.0,4.0,4.0,4.0,4.0,4.0,4.0,4.0,4.0,4.0,4.0,4.0,4.0,4.0,4.0,4.0,4.0,4.0,4.0,4.0,4.0,4.0,4.0,4.0,4.0,4.0,4.0,4.0,4.0,4.0,4.0,4.0,4.0,4.0,4.0,4.0,4.0,4.0,4.0,4.0,4.0,4.0,0.0,0.0,0.0,0.0,0.0,0.0,0.0,0.0,0.0,0.0,4.0,4.0,4.0,4.0,4.0,4.0,4.0,4.0,4.0,4.0,4.0,4.0,4.0,4.0,4.0,4.0,4.0,4.0,4.0,4.0,3.0,3.0,3.0,3.0,4.0,4.0,4.0,4.0,4.0,4.0,1.0,1.0,4.0,4.0,4.0,4.0,4.0,4.0,3.0,3.0,4.0,4.0,2.0,2.0,4.0,4.0,4.0,4.0,4.0,4.0,3.0,3.0,4.0,4.0,4.0,4.0,4.0,0.0,4.0,4.0,4.0,4.0,4.0,4.0,4.0,4.0,4.0,0.0,3.0,3.0,4.0,4.0,4.0,4.0,1.0,1.0,4.0,4.0,4.0,4.0,4.0,4.0,1.0,1.0,2.0,2.0,4.0,4.0,4.0,4.0,4.0,4.0,1.0,1.0,4.0,4.0,4.0,4.0,4.0,4.0,2.0,2.0,4.0,4.0,3.0,3.0,1.0,1.0,2.0,2.0,4.0,4.0,4.0,4.0,2.0,4.0,4.0,4.0,2.0,4.0,4.0,1.0,4.0,1.0,2.0,4.0,2.0,4.0
30,6.25,6.25,6.25,6.25,75.0,-5.117449004375,278.14644,196.64449,200.4981,195.78367,282.08759,280.36686,71.11917,74.55933,75.03049999999999,60.653442,55.950918671467115,58.30218033573355,225.16149,116.45068020876683,169.0039582603798,198.92898871951425,144.71549877355625,176.7369208244645,161.00954153053328,0.3808192129638944,2.844434282854852,2.707274942369356,2.6949439713520076,2.841488348990772,2.8194741891405988,2.7766617304428713,2.7766617304428713,2.7714988811763956,2.7714988811763956,2.732858381381662,2.732858381381662,2.8332785112154086,2.8332785112154086,2.774292264079075,2.743219773389839,2.757637994628773,2.7580028826003433,2.8150612240056163,2.8150612240056163,2.7888018321655625,2.7888018321655625,2.7147716971570555,2.7147716971570555,2.755736845684163,2.755736845684163,2.744430626986224,2.7933630795077464,2.7176483022159066,2.7176483022159066,2.7780630334974403,2.7780630334974403,2.810009322343255,2.810009322343255,2.747896444996609,2.747896444996609,2.7435318266022883,2.7773482064820394,2.734435542261876,2.734435542261876,2.767655718357377,2.767655718357377,2.796631219166732,2.796631219166732,2.7706241630235597,2.7706241630235597,2.8782918629746357,2.8531710447741983,2.7439881250335247,2.7439881250335247,2.7863715674053595,2.7863715674053595,2.7759959451115797,2.7759959451115797,2.819105223169224,2.819105223169224,2.8162196312491328,2.8039072823148055,2.800495199700403,2.800495199700403,2.8036883205039036,2.8036883205039036,2.7855510341979013,2.7855510341979013,2.859002074837477,2.859002074837477,2.809356616659907,2.809356616659907,2.856148219145673,2.856148219145673,2.8325686471106044,2.8325686471106044,2.7844450189511734,2.7844450189511734,2.779763677066758,2.8009622097307387,2.8233029315348004,2.844176971148771,2.778606338953075,2.799813634310364,2.735958769486302,2.7574940776598234,2.7204900566276655,2.707181924630297,2.8321641984912356,2.8286945242637813,2.7337337222574862,2.7145503542098823,2.7874799869071514,2.745685456368082,2.734797478192855,2.7372650431922976,2.791282992289567,2.7987795264564874,2.8372872860577587,2.9090728375922454,2.7876919011469417,2.844434282854852,4.0,4.0,4.0,4.0,4.0,4.0,4.0,4.0,4.0,4.0,4.0,4.0,0.0,0.0,0.0,0.0,0.0,0.0,0.0,0.0,0.0,0.0,0.0,0.0,4.0,4.0,4.0,4.0,4.0,4.0,4.0,4.0,4.0,4.0,4.0,4.0,4.0,4.0,4.0,4.0,4.0,4.0,4.0,4.0,4.0,4.0,4.0,4.0,4.0,4.0,4.0,4.0,4.0,4.0,4.0,4.0,4.0,4.0,4.0,4.0,4.0,4.0,4.0,4.0,2.0,2.0,2.0,2.0,2.0,2.0,2.0,2.0,4.0,4.0,4.0,4.0,4.0,4.0,4.0,4.0,4.0,4.0,4.0,4.0,4.0,4.0,4.0,4.0,1.0,1.0,3.0,3.0,4.0,4.0,4.0,4.0,4.0,4.0,2.0,4.0,4.0,4.0,4.0,4.0,1.0,1.0,4.0,4.0,4.0,4.0,2.0,4.0,4.0,4.0,4.0,4.0,3.0,3.0,4.0,4.0,4.0,4.0,4.0,4.0,1.0,1.0,3.0,3.0,4.0,4.0,4.0,4.0,4.0,4.0,1.0,1.0,3.0,3.0,4.0,4.0,2.0,4.0,1.0,1.0,4.0,4.0,4.0,4.0,4.0,4.0,2.0,4.0,3.0,3.0,4.0,4.0,4.0,4.0,4.0,4.0,4.0,4.0,4.0,4.0,4.0,4.0,4.0,4.0,4.0,4.0,4.0,4.0,4.0,4.0,4.0,4.0,1.0,3.0,4.0,4.0,1.0,3.0,4.0,4.0,4.0,4.0,4.0,4.0,4.0,4.0,4.0,4.0
